Id,links
1,"https://drive.google.com/file/d/1SudofIKX-F7yaoW7KfQ39P_36gNRgFK-/view?usp=drivesdk,1.jpg"
2,"https://drive.google.com/file/d/1O2OLqtPksUFxm8MrqGHEDK-xBrTouWjw/view?usp=drivesdk,2.jpg"
3,"https://drive.google.com/file/d/1a6Ph-EbL7spEio88JpA20onSgq8u7PBD/view?usp=drivesdk,3.jpg"
4,"https://drive.google.com/file/d/1Y0lX4u9To64PzoBRFPAkjvPkcLEstAwW/view?usp=drivesdk,4.jpg"
5,"https://drive.google.com/file/d/1bEsB0_ry5yl-OjmXr_Q8LUNDDn63Az6v/view?usp=drivesdk,5.jpg"
6,"https://drive.google.com/file/d/1YOgIozD46QPiMz9qRHXcX5s68A-FNU3t/view?usp=drivesdk,6.jpg"
7,"https://drive.google.com/file/d/1gD4O62Re3NjYHRcEllhG4q82h3EHXzbr/view?usp=drivesdk,7.jpg"
8,"https://drive.google.com/file/d/19NmEOVXgjnxZV_OxFYKZQqLz8apRP1p0/view?usp=drivesdk,8.jpg"
9,"https://drive.google.com/file/d/1ebcMhQWQVigxnIOCHtS74mWahv4t-3Cj/view?usp=drivesdk,9.jpg"
10,"https://drive.google.com/file/d/13JjflE54pYuUvqWrgeu6HzoJAzIOteF1/view?usp=drivesdk,10.jpg"
11,"https://drive.google.com/file/d/1SOd6jl6jTuCcIe0KiZlg-hxYCu7oVrd2/view?usp=drivesdk,11.jpg"
12,"https://drive.google.com/file/d/11yES9E3vBNaT9FUibCTUb78c_ezcP6w6/view?usp=drivesdk,12.jpg"
13,"https://drive.google.com/file/d/1KnUdRFY8d_HBDDPu4sZqXZVqMv_GD_Rf/view?usp=drivesdk,13.jpg"
14,"https://drive.google.com/file/d/1AGddeOIU7CSAHDvWGUxywLvVxhD5OYPB/view?usp=drivesdk,14.jpg"
15,"https://drive.google.com/file/d/1z1Z_ZZ2Tn2Cm5mOKcV4wZcZKIhg4Bxmn/view?usp=drivesdk,15.jpg"
16,"https://drive.google.com/file/d/1IfJUDgYNIckTsPneFu1Oy9PFoskhGFi9/view?usp=drivesdk,16.jpg"
17,"https://drive.google.com/file/d/1bmkv3A_jcbrUWltqNqF2IBodtGbHPNrm/view?usp=drivesdk,17.jpg"
18,"https://drive.google.com/file/d/1TNXF37ykLJ2e3EWkoF36OrP4th-ekhYw/view?usp=drivesdk,18.jpg"
19,"https://drive.google.com/file/d/1Q7cPgy0OPf5FQgzGwq9ylTZ_PeQg8_HC/view?usp=drivesdk,19.jpg"
20,"https://drive.google.com/file/d/1k1VXERL38NTl3DIsowRXTRx50CmdBRz3/view?usp=drivesdk,20.jpg"
21,"https://drive.google.com/file/d/1vCYGHXYPComqFYr0JaLPcPUHOrYuZA7n/view?usp=drivesdk,21.jpg"
22,"https://drive.google.com/file/d/1ULl_VfMJQIRtgHhPxUKUaSDt4WaEODMv/view?usp=drivesdk,22.jpg"
23,"https://drive.google.com/file/d/1XeH_NB7BjVI0O0YuCI0Qrzgfv-PK_yRW/view?usp=drivesdk,23.jpg"
24,"https://drive.google.com/file/d/1ITzRml8DQtEwuCdI0uj1Vdvt-0bQSJxR/view?usp=drivesdk,24.jpg"
25,"https://drive.google.com/file/d/1sgV3Rqh3_PpjWG5x_Z8yBJ0RZrbhc2zn/view?usp=drivesdk,25.jpg"
26,"https://drive.google.com/file/d/1w46VWS1UJ5SV5Xb7xuCBqf_2GU8ZsLT5/view?usp=drivesdk,26.jpg"
27,"https://drive.google.com/file/d/1cialSuectf0w2PHB4YE9xUd32mUWxMKV/view?usp=drivesdk,27.jpg"
28,"https://drive.google.com/file/d/1sAtY3xiYI5ZM4xEONdZbyspM8K-ffa0M/view?usp=drivesdk,28.jpg"
29,"https://drive.google.com/file/d/11ts15K1Th0xHqIBRzOMFTPJwTKni4PUF/view?usp=drivesdk,29.jpg"
30,"https://drive.google.com/file/d/1VwwzanEB0KlsUzB8lOoHhmRm6FzT-vB4/view?usp=drivesdk,30.jpg"
31,"https://drive.google.com/file/d/12lg4j3jPXx-ENQgk0egUbgYSyaswYbTw/view?usp=drivesdk,31.jpg"
32,"https://drive.google.com/file/d/1ivEooW-FPuTKKbyFoAUNhT4d9tlv2RC1/view?usp=drivesdk,32.jpg"
33,"https://drive.google.com/file/d/1MLWlKZ4pXes6pSDqgJYUNaw4oB89MNR_/view?usp=drivesdk,33.jpg"
34,"https://drive.google.com/file/d/1B1p4Cy14ufiPAmxVqU3dtn52guMi-yIu/view?usp=drivesdk,34.jpg"
35,"https://drive.google.com/file/d/1ZM8svuicLBpMSNiniSHN5s2IrukTRYHq/view?usp=drivesdk,35.jpg"
36,"https://drive.google.com/file/d/18bQVkXdf4aBgZ2MHdRZE6Xr0VNDTo2q2/view?usp=drivesdk,36.jpg"
37,"https://drive.google.com/file/d/1NANCFpiO7JG71zaKVDCFM8PcC8NdbgGa/view?usp=drivesdk,37.jpg"
38,"https://drive.google.com/file/d/13CM5HcfNk9alvxnFUpVi2N-Qzc5y_Ym9/view?usp=drivesdk,38.jpg"
39,"https://drive.google.com/file/d/1zCGHTS_FxGddKmPDim-evak08KmDTCae/view?usp=drivesdk,39.jpg"
40,"https://drive.google.com/file/d/18k5OGzCdzJ_6FwILSFHIEvvliV3Odzmt/view?usp=drivesdk,40.jpg"
41,"https://drive.google.com/file/d/14bzXS3iEAB0fnp1Nbj3ny0cJGf7Z-BKu/view?usp=drivesdk,41.jpg"
42,"https://drive.google.com/file/d/1rJiJKaAZX-XA8_aTwJ4TLi8NWK8Kq3s7/view?usp=drivesdk,42.jpg"
43,"https://drive.google.com/file/d/1PEnW3sfVYQ5nAh2D57UdINrHd9S-Yces/view?usp=drivesdk,43.jpg"
44,"https://drive.google.com/file/d/1Fy9P1FKRCO0A1Ir0lt3hceHefJA8uQR5/view?usp=drivesdk,44.jpg"
45,"https://drive.google.com/file/d/1_dDbY5didG6qqZTTOhNh1y-d0LUulJmQ/view?usp=drivesdk,45.jpg"
46,"https://drive.google.com/file/d/1I7-XxpjTIoFed1ziInsC2s5xlRfX7pAg/view?usp=drivesdk,46.jpg"
47,"https://drive.google.com/file/d/1JS9V3kOfy0EG-0R1sQLHbMKQR6PIwIA1/view?usp=drivesdk,47.jpg"
48,"https://drive.google.com/file/d/173lvH9nW5i9U9XBJ9ebN-wt8-sxaRwra/view?usp=drivesdk,48.jpg"
49,"https://drive.google.com/file/d/1-R0hCE8Vofssot_qySFmQisp-YvwizY2/view?usp=drivesdk,49.jpg"
50,"https://drive.google.com/file/d/1e4BQFzPXMrdSumnNRz9YbYF84mTKEJQz/view?usp=drivesdk,50.jpg"
51,"https://drive.google.com/file/d/1v51NR13U5OA9l9ZdjoQZlmnDTZQTrPWm/view?usp=drivesdk,51.jpg"
52,"https://drive.google.com/file/d/1LBoNMW8biOajAmQk2rVaUXdGspO6fLmV/view?usp=drivesdk,52.jpg"
53,"https://drive.google.com/file/d/1LIoWxFQwofFhsH8w42sZqWThMe0qO25D/view?usp=drivesdk,53.jpg"
54,"https://drive.google.com/file/d/1-nM7poZbKPnIiFFjcC6QuI9eP7y--6U8/view?usp=drivesdk,54.jpg"
55,"https://drive.google.com/file/d/1Cxvv1kekTkFdc3rcp4L_VXkEEHJdDZx1/view?usp=drivesdk,55.jpg"
56,"https://drive.google.com/file/d/1sl0sABhfIhjJJD-sv2NeZnYgWMTlGT2I/view?usp=drivesdk,56.jpg"
57,"https://drive.google.com/file/d/15lxcRG0-4-Nwp8r_kss4UAqY2UauTLeG/view?usp=drivesdk,57.jpg"
58,"https://drive.google.com/file/d/1bIUY8lvGz0dY60WsJoZommeNUP8eN0d-/view?usp=drivesdk,58.jpg"
59,"https://drive.google.com/file/d/1-HY54uEsjV4Noj3Vl1XCBZ88GWWqjnhC/view?usp=drivesdk,59.jpg"
60,"https://drive.google.com/file/d/1HHwMMjNxHHdNmfyya1AEhn-W6V5P-Q5g/view?usp=drivesdk,60.jpg"
61,"https://drive.google.com/file/d/1Gt_nQBo1W42jfkFCYdkbnkKoRxo3p1qK/view?usp=drivesdk,61.jpg"
62,"https://drive.google.com/file/d/1WcmFvk4exEqzvJs01LvLbx_kQQgvTdgI/view?usp=drivesdk,62.jpg"
63,"https://drive.google.com/file/d/1bwR-iLShv9X4uPyhWXNeJCWrLMJ4JfPw/view?usp=drivesdk,63.jpg"
64,"https://drive.google.com/file/d/1VyG3zWaozTTTJNrjZTxjumvf6LS4jSmR/view?usp=drivesdk,64.jpg"
65,"https://drive.google.com/file/d/10OOnarmseOyiK6xF3KBW84a-wuC9fZbY/view?usp=drivesdk,65.jpg"
66,"https://drive.google.com/file/d/1upzw-wYadTsT58pIJbxZ4S8rZcCNSrr7/view?usp=drivesdk,66.jpg"
67,"https://drive.google.com/file/d/1EYCcXoMqh7ivBPlnbZR5nGRF6GaDZ7fQ/view?usp=drivesdk,67.jpg"
68,"https://drive.google.com/file/d/1Y1EEEIbUSG1vvAgC7YQgk0ZIVX8nQoWO/view?usp=drivesdk,68.jpg"
69,"https://drive.google.com/file/d/1vidro11zur6cd_ZVtBWPf0f0ALk6XWVm/view?usp=drivesdk,69.jpg"
70,"https://drive.google.com/file/d/12VR5_8P2HVE-wfyVoMD0uBUOeEdYPNkJ/view?usp=drivesdk,70.jpg"
71,"https://drive.google.com/file/d/1VS-uELs8GThRD5bu2UWWFyLNuwo06Nil/view?usp=drivesdk,71.jpg"
72,"https://drive.google.com/file/d/1mb8igKTzdW0KD3nw9glqcntdC36_DgdV/view?usp=drivesdk,72.jpg"
73,"https://drive.google.com/file/d/1YXCkKHTVc9eLjPdAhKnl7ppO0LXpCZwA/view?usp=drivesdk,73.jpg"
74,"https://drive.google.com/file/d/1eFXHO8EpuLCBooOhVyNU797gFL0A5pls/view?usp=drivesdk,74.jpg"
75,"https://drive.google.com/file/d/106xvpjPJAUmwvPb_gn1TZsMa6RE3UPWv/view?usp=drivesdk,75.jpg"
76,"https://drive.google.com/file/d/1wjmQtyKOx1mf50E1-HORJkmPqvWm84lq/view?usp=drivesdk,76.jpg"
77,"https://drive.google.com/file/d/1AImPQ3zmdjhMTEhIBqvTKiR1oDTN2202/view?usp=drivesdk,77.jpg"
78,"https://drive.google.com/file/d/1T4kKhO_zoYV5LTRJzv2eomxtS33uFOub/view?usp=drivesdk,78.jpg"
79,"https://drive.google.com/file/d/1aLmx6B2_HQ2UAIrrbEnFguYUI0-3DWFQ/view?usp=drivesdk,79.jpg"
80,"https://drive.google.com/file/d/1mkFekj5p4AUvXcqV3VzxDYlr9bHOBaZV/view?usp=drivesdk,80.jpg"
81,"https://drive.google.com/file/d/1N10M4uboJHGcIG4tJ-lPP6fh_bseCpCQ/view?usp=drivesdk,81.jpg"
82,"https://drive.google.com/file/d/1_HdxeA5Cmn1pnOwdhwY6ZhRy4UBSZ_Pe/view?usp=drivesdk,82.jpg"
83,"https://drive.google.com/file/d/1Tgg3FRjxA1_4n1OkucSRib5SdP7I8nZt/view?usp=drivesdk,83.jpg"
84,"https://drive.google.com/file/d/1M7pVbZQNjk9Oi_30kA_h66PBsj4UYsrJ/view?usp=drivesdk,84.jpg"
85,"https://drive.google.com/file/d/1nPvD5Xpjgg4edidEgWNm7bt8MVnUf-H5/view?usp=drivesdk,85.jpg"
86,"https://drive.google.com/file/d/1uZnqls8xKS5fcJsafS7PYHalqHnKbk3Q/view?usp=drivesdk,86.jpg"
87,"https://drive.google.com/file/d/1bW6mS2_mi7rXEMlJAg71ggnG22mk8Btb/view?usp=drivesdk,87.jpg"
88,"https://drive.google.com/file/d/1iYMgIanVAaODApTf9lx9DF7AJKczYOpY/view?usp=drivesdk,88.jpg"
89,"https://drive.google.com/file/d/1GpbmLxMJ0pW7QbU1db4ZaFCiE8u06U1L/view?usp=drivesdk,89.jpg"
90,"https://drive.google.com/file/d/1qsOQZZd1xgaxCloqvftKkYldx07J2NIy/view?usp=drivesdk,90.jpg"
91,"https://drive.google.com/file/d/1CRjoF5GlNCd2pztLKSbSb8YJY7MpKHlz/view?usp=drivesdk,91.jpg"
92,"https://drive.google.com/file/d/1zvPmSXfNudj7Yg9NSP7qRkMwcZgbHTl1/view?usp=drivesdk,92.jpg"
93,"https://drive.google.com/file/d/1DOED7PYP5jZ61-G6iaP1jR6wKOK9Prqw/view?usp=drivesdk,93.jpg"
94,"https://drive.google.com/file/d/1xvG8RaKAu0TTcc1Gd3XRbb84aXOcD4_h/view?usp=drivesdk,94.jpg"
95,"https://drive.google.com/file/d/1H2UZlaV0V-dacKVT_COezlMTW70YKP5L/view?usp=drivesdk,95.jpg"
96,"https://drive.google.com/file/d/1A0vUZz6KbkTHuFuQft2XnVxypjO31GwK/view?usp=drivesdk,96.jpg"
97,"https://drive.google.com/file/d/1Pdf_RYdfimnJW474VAya0jKIdoVSfy5f/view?usp=drivesdk,97.jpg"
98,"https://drive.google.com/file/d/1HViRumrVwNy6K_m99wx3ziQIN69q5ywX/view?usp=drivesdk,98.jpg"
99,"https://drive.google.com/file/d/1Iae6BOaFhvqJgE7KUMb8wqvcc6b3mhl5/view?usp=drivesdk,99.jpg"
100,"https://drive.google.com/file/d/1CBXfGBQqhbjfPs6zzqP1GEtHQd7e_Ktl/view?usp=drivesdk,100.jpg"
101,"https://drive.google.com/file/d/1Apq5eTbZYDMJ-8F8-YP23ncZNb7RZ7hu/view?usp=drivesdk,101.jpg"
102,"https://drive.google.com/file/d/1wNgQZY61JMVfowngoDmFzwdhxxS6PY14/view?usp=drivesdk,102.jpg"
103,"https://drive.google.com/file/d/1lVWQd5Lf7u1zWlm-7AbbUjfqcDkSYTxW/view?usp=drivesdk,103.jpg"
104,"https://drive.google.com/file/d/12CbU_kj6X72Kmmq0PnR88FmthTEG24IR/view?usp=drivesdk,104.jpg"
105,"https://drive.google.com/file/d/1f5CHezwSGv_wdnQKEwHD1hfrmH0VvOIm/view?usp=drivesdk,105.jpg"
106,"https://drive.google.com/file/d/1IEVcFSPLepM_BtZ7fMycWsc4eoT3uiaL/view?usp=drivesdk,106.jpg"
107,"https://drive.google.com/file/d/1Iy1MbENxJgNoMWh5zeBz4hIW3Eg0TwhS/view?usp=drivesdk,107.jpg"
108,"https://drive.google.com/file/d/1WOC2v2iE6Q5_JzhritnqKIlC46-Qgajk/view?usp=drivesdk,108.jpg"
109,"https://drive.google.com/file/d/1XVAQmnmo6FxMgxDCOi8UybPyYfVCQFAq/view?usp=drivesdk,109.jpg"
110,"https://drive.google.com/file/d/10twXTKmrmYvA-7GcTnpDwI6caHbpqxkD/view?usp=drivesdk,110.jpg"
111,"https://drive.google.com/file/d/1sLUKxXyF43yZ23XFfarlJiR9SXfi1mcO/view?usp=drivesdk,111.jpg"
112,"https://drive.google.com/file/d/1Mn_qDiBatKq2SipV_WeS_T9NjtrMIG4w/view?usp=drivesdk,112.jpg"
113,"https://drive.google.com/file/d/18asAWBsZaG2uIV2Rxtp1uLspmWX3iCDu/view?usp=drivesdk,113.jpg"
114,"https://drive.google.com/file/d/1dDCd-tXOa8mFWSidM_FC2KEeEORvLqTm/view?usp=drivesdk,114.jpg"
115,"https://drive.google.com/file/d/1FrUdOH-4t9jaJJr35wNQBTVnMOmd8GFV/view?usp=drivesdk,115.jpg"
116,"https://drive.google.com/file/d/1yDeVCFZzNVXJO295JUFC2jHUtHquXkn-/view?usp=drivesdk,116.jpg"
117,"https://drive.google.com/file/d/1x2jO7T-Rd2h6QRuQpifs4W6eqE-AJK2A/view?usp=drivesdk,117.jpg"
118,"https://drive.google.com/file/d/1d_k6xFJfE9UHokCuQGGuWijI6JAtFBHV/view?usp=drivesdk,118.jpg"
119,"https://drive.google.com/file/d/1F5Y6B7HZoHTwRnAizmjjaZaVMlxoTidb/view?usp=drivesdk,119.jpg"
120,"https://drive.google.com/file/d/1yWrCJI5cRAg2V5Xgp4DsIWsV672EgrwO/view?usp=drivesdk,120.jpg"
121,"https://drive.google.com/file/d/1AmmO6wQxzN8JGgb5CATKct_WwBkffPf4/view?usp=drivesdk,121.jpg"
122,"https://drive.google.com/file/d/1bf-iAuroMtK9ovTbZMz2xhTmli3aJVuw/view?usp=drivesdk,122.jpg"
123,"https://drive.google.com/file/d/1yul_bLuiED5TgDuJC34LdAFYehplMJgb/view?usp=drivesdk,123.jpg"
124,"https://drive.google.com/file/d/1B0qjmiofqnN-Xamg_wMmQYGzKto5e1zH/view?usp=drivesdk,124.jpg"
125,"https://drive.google.com/file/d/1zQiy2DMkZlG5p9B9LztV0-18tgy4G5uO/view?usp=drivesdk,125.jpg"
126,"https://drive.google.com/file/d/1JzNKHQ67iBXGoKsQlvBIbfdRh9OUWmcJ/view?usp=drivesdk,126.jpg"
127,"https://drive.google.com/file/d/1EXeosU_hqyommnHyewpdwqPk644rBFyF/view?usp=drivesdk,127.jpg"
128,"https://drive.google.com/file/d/16o3FV7EKOwTuWr0vIulMwWP1dsCW8W8O/view?usp=drivesdk,128.jpg"
129,"https://drive.google.com/file/d/1GEcWvAjVps0U5HlNuLGfkIdloZOhVzp8/view?usp=drivesdk,129.jpg"
130,"https://drive.google.com/file/d/1TACjB2gCjJr4VSDNoTzd8Yif3_KVMgiV/view?usp=drivesdk,130.jpg"
131,"https://drive.google.com/file/d/1Kk6AVIrT6Jok9sqcppiB2T-PGVT_ctLK/view?usp=drivesdk,131.jpg"
132,"https://drive.google.com/file/d/1lyWbHM81ieWfLtdyWYFGZD19jKEXgZty/view?usp=drivesdk,132.jpg"
133,"https://drive.google.com/file/d/1EzS_4SzxWL48S7nsfByyzVEV3bVE8-Mo/view?usp=drivesdk,133.jpg"
134,"https://drive.google.com/file/d/1ocvJ3VD0CFQ6yWqZbRqmxWIO2AZpAOeT/view?usp=drivesdk,134.jpg"
135,"https://drive.google.com/file/d/1LBvm9HiudEnxSIOrHt-D0hR7zv819ojh/view?usp=drivesdk,135.jpg"
136,"https://drive.google.com/file/d/1jvr5hUMOibEqn4yEa7w3BY4XJEQhLuh5/view?usp=drivesdk,136.jpg"
137,"https://drive.google.com/file/d/1dZ21QKpJWB3tz_pI9zdKqxdfMPR9eBWF/view?usp=drivesdk,137.jpg"
138,"https://drive.google.com/file/d/1rG9vcR6ZbH8UKifn7DOJU_LUqnDVEPnX/view?usp=drivesdk,138.jpg"
139,"https://drive.google.com/file/d/1mp1wwdhkdEsNX0vzyWkRczfPBJj6B40v/view?usp=drivesdk,139.jpg"
140,"https://drive.google.com/file/d/1xfMwk8OqFEKDrUPFFcZBHLqLOpOwbAWn/view?usp=drivesdk,140.jpg"
141,"https://drive.google.com/file/d/1w0am-5e7uswNrFWKCcG3Erk0Rsg5bnHN/view?usp=drivesdk,141.jpg"
142,"https://drive.google.com/file/d/1LSC6gZWXQo97TVij0-R9vvD69txJlLT8/view?usp=drivesdk,142.jpg"
143,"https://drive.google.com/file/d/1-DQIwkKEJnQnGFrIxmSAMt2SOvJWrTos/view?usp=drivesdk,143.jpg"
144,"https://drive.google.com/file/d/18M2Ke3xlljVhjn_yiXkWHi_IaqWLIejp/view?usp=drivesdk,144.jpg"
145,"https://drive.google.com/file/d/1ZEsUVrpdrO1w1UpoeX_6UsCdKCDtVzXE/view?usp=drivesdk,145.jpg"
146,"https://drive.google.com/file/d/1edVID1rXn84bkKlU_15GonpwJStLYyEI/view?usp=drivesdk,146.jpg"
147,"https://drive.google.com/file/d/1QrBq3sscuIhv9AXNnTcB4FJ8Kl4HU4Tw/view?usp=drivesdk,147.jpg"
148,"https://drive.google.com/file/d/1fVs2ZLFb428TJ4whFgGv5poF8F240ocH/view?usp=drivesdk,148.jpg"
149,"https://drive.google.com/file/d/1jWrjjT1kQFHf3iHBoXYFGtp2B0qr-PSx/view?usp=drivesdk,149.jpg"
150,"https://drive.google.com/file/d/1rvh5v374UdbY828nnyE5nCrSWZNHsDKW/view?usp=drivesdk,150.jpg"
151,"https://drive.google.com/file/d/1BU-F3QkELA-az28CUKg6BIYcCMuFeMMu/view?usp=drivesdk,151.jpg"
152,"https://drive.google.com/file/d/1Mb-gsOd-8okmUb02PbkcfoIsuLIzyn-Y/view?usp=drivesdk,152.jpg"
153,"https://drive.google.com/file/d/1J-Fj_gwxPz86gCxcVnVSkSdJmUvl_K97/view?usp=drivesdk,153.jpg"
154,"https://drive.google.com/file/d/1G94GWufEdpjsyBwyYV40qUlmgkfUmh-7/view?usp=drivesdk,154.jpg"
155,"https://drive.google.com/file/d/1umHJCtsgBuT0Z6vwFS8BqTjVo9hppITM/view?usp=drivesdk,155.jpg"
156,"https://drive.google.com/file/d/1wEx8ILo-4PqZyltssWh4YrnVyTcsTlSj/view?usp=drivesdk,156.jpg"
157,"https://drive.google.com/file/d/1YLaNSpceUa6hK87B4TW5delvPFbUTEWG/view?usp=drivesdk,157.jpg"
158,"https://drive.google.com/file/d/1dAlFx5nn5m0nwufFLCjMK-afl7wRYagX/view?usp=drivesdk,158.jpg"
159,"https://drive.google.com/file/d/1eErtNewSFPz0jkO2TWDD-dq9jOWS4425/view?usp=drivesdk,159.jpg"
160,"https://drive.google.com/file/d/18yVZDe3rDO2RXa8kNXBzSIPrtEMRc-76/view?usp=drivesdk,160.jpg"
161,"https://drive.google.com/file/d/198sfUezCJfM8QyiUFyjQUoVoYIPsGwVe/view?usp=drivesdk,161.jpg"
162,"https://drive.google.com/file/d/1T5lfC8GomxSqxBgZXpC0dw7LPpcQGKZv/view?usp=drivesdk,162.jpg"
163,"https://drive.google.com/file/d/1j8dvSKOwB9urKzdSG7_HMQlliNvSlziQ/view?usp=drivesdk,163.jpg"
164,"https://drive.google.com/file/d/1a42m_QSa9qi_qkGHA9SS3lFeNTQDjGtZ/view?usp=drivesdk,164.jpg"
165,"https://drive.google.com/file/d/190lkn4KPAEXJ12jedg230z9oG8tYnlbi/view?usp=drivesdk,165.jpg"
166,"https://drive.google.com/file/d/1W6XFeKQHgh181HnR7a_cpdLcIs7UboQ8/view?usp=drivesdk,166.jpg"
167,"https://drive.google.com/file/d/13WH71GkNWFzNzpeQ3MXGNOjeIo1XHbDB/view?usp=drivesdk,167.jpg"
168,"https://drive.google.com/file/d/1va-pQ8EmbQ2pbrSOucxPdy-XOSN5LpEf/view?usp=drivesdk,168.jpg"
169,"https://drive.google.com/file/d/1frPTB2uf7b77YZDnrJ2-bwI91BvHpEbV/view?usp=drivesdk,169.jpg"
170,"https://drive.google.com/file/d/1qgZ_yw4Ng7j_HZ6VkLZ66lQEBGqB74ld/view?usp=drivesdk,170.jpg"
171,"https://drive.google.com/file/d/1ZkpcBsLBB2dBqdtYFlPiHvanOFAUbBds/view?usp=drivesdk,171.jpg"
172,"https://drive.google.com/file/d/1sc42XbT0znywDuIW7RoPw0o33GQ-A3j_/view?usp=drivesdk,172.jpg"
173,"https://drive.google.com/file/d/1Z9zDhklOTjV2rY_jfSF7i-RIbcpVS_rI/view?usp=drivesdk,173.jpg"
174,"https://drive.google.com/file/d/1cqhe2ZTZee-aGcv5Wn_GDaOLTzahj7aP/view?usp=drivesdk,174.jpg"
175,"https://drive.google.com/file/d/1lCVh1S8K4ZhW5GiS_NVGzh1sD_O1k0c-/view?usp=drivesdk,175.jpg"
176,"https://drive.google.com/file/d/1AzNFMt-g2uj5wRWox0OsGr9hYiIiCGP0/view?usp=drivesdk,176.jpg"
177,"https://drive.google.com/file/d/1Fhq2VxWZz5hY2HX6vm5_ZL0hUNjDaOPb/view?usp=drivesdk,177.jpg"
178,"https://drive.google.com/file/d/169hvDuW3E2bXkR5Wkacksks9NcVvAFpq/view?usp=drivesdk,178.jpg"
179,"https://drive.google.com/file/d/1_9MAzzuDLrF1NxAlSssngXNQI4EUKg8X/view?usp=drivesdk,179.jpg"
180,"https://drive.google.com/file/d/1Pybvj7vkyKApHYI0I6PAO_LP4EcufzmZ/view?usp=drivesdk,180.jpg"
181,"https://drive.google.com/file/d/1QBc8BvDH1CcXmozSo5KwRayc-y5Cjse4/view?usp=drivesdk,181.jpg"
182,"https://drive.google.com/file/d/1GUwcGEcFpztSzutZFAuCFnyUPc-2Jxds/view?usp=drivesdk,182.jpg"
183,"https://drive.google.com/file/d/1r-qucMxLmsLIpcJcf7WmxgPvKxINpXWf/view?usp=drivesdk,183.jpg"
184,"https://drive.google.com/file/d/1FNFnICceJBiuaWoeS9284WeIzHfCOGJT/view?usp=drivesdk,184.jpg"
185,"https://drive.google.com/file/d/11FM81EgJj_n6fn8DdO5LSI_gaZlh_0Fe/view?usp=drivesdk,185.jpg"
186,"https://drive.google.com/file/d/1UgBDk-J5No-DO4OgWubd0-5GmutkMZjQ/view?usp=drivesdk,186.jpg"
187,"https://drive.google.com/file/d/1bJGeSQViLhnmnj9nsL-sDAVO3HkqBhoY/view?usp=drivesdk,187.jpg"
188,"https://drive.google.com/file/d/1VTtR2pbfOny4pQkObdB7_1HFX_1dI4B9/view?usp=drivesdk,188.jpg"
189,"https://drive.google.com/file/d/1bNQhnDHdjB7Qn6IUfxvnVhis9gyUcHpc/view?usp=drivesdk,189.jpg"
190,"https://drive.google.com/file/d/1B2-YaEMJaqreMS2iiBYtOR5OSKQKe2F1/view?usp=drivesdk,190.jpg"
191,"https://drive.google.com/file/d/19VcZxFJ9YBlsuvPsokFW_jwtlfxUn44g/view?usp=drivesdk,191.jpg"
192,"https://drive.google.com/file/d/1XSkRevfRuqqNODdylyT7wcmpGe36ddWJ/view?usp=drivesdk,192.jpg"
193,"https://drive.google.com/file/d/1GMK6WZzctsmkgKmMV5kBJZKzB0tgt9Ky/view?usp=drivesdk,193.jpg"
194,"https://drive.google.com/file/d/1AqZX-Bhkiosb9o0YV63kgvXbDm1JfJrV/view?usp=drivesdk,194.jpg"
195,"https://drive.google.com/file/d/1mDjCxrAO92DJrD3ccH0sKBROOxKTPqM6/view?usp=drivesdk,195.jpg"
196,"https://drive.google.com/file/d/10Re-ffbNHNCS_aADju-hHtqjMXfx_dOz/view?usp=drivesdk,196.jpg"
197,"https://drive.google.com/file/d/1OwD0C01pXUEbJhPLEraniQdt9v80ixH8/view?usp=drivesdk,197.jpg"
198,"https://drive.google.com/file/d/1jOp4z9DGis-Ne5rRF_vEIhdBOPHbZUl-/view?usp=drivesdk,198.jpg"
199,"https://drive.google.com/file/d/15yv01LM2INtMeQb0yDkS8CnlKpFkoQlt/view?usp=drivesdk,199.jpg"
200,"https://drive.google.com/file/d/1KZOgE2mb6R4vPyTLywv_puRWM_8CrOMG/view?usp=drivesdk,200.jpg"
201,"https://drive.google.com/file/d/10y-2VdR87c0Br6Bai9PGBNdZEJcpeUra/view?usp=drivesdk,201.jpg"
202,"https://drive.google.com/file/d/1g6WyYdFPFBIv49kx23JL5fpYJaelkuJ3/view?usp=drivesdk,202.jpg"
203,"https://drive.google.com/file/d/1mwgUJv7N_pq-FoYnKeIuvUq1OJsTckpI/view?usp=drivesdk,203.jpg"
204,"https://drive.google.com/file/d/1_fRws8m4x3yF30mf27Z-449trROCz3lC/view?usp=drivesdk,204.jpg"
205,"https://drive.google.com/file/d/18d8atXbY4yYIlDuh0QqpyXGs8UEmnNfH/view?usp=drivesdk,205.jpg"
206,"https://drive.google.com/file/d/1a4WOAskyBkCqupWoFVrOg1pIqLmThq0H/view?usp=drivesdk,206.jpg"
207,"https://drive.google.com/file/d/1FQQlEPGwh_neVy3iEIa8BPhFIYb0TU1g/view?usp=drivesdk,207.jpg"
208,"https://drive.google.com/file/d/1QOmYo-HFfSrObN0KEzCZQNifyiH17z70/view?usp=drivesdk,208.jpg"
209,"https://drive.google.com/file/d/1jScIEB81Hu9amPr7bmGa_ybfj65iUiih/view?usp=drivesdk,209.jpg"
210,"https://drive.google.com/file/d/1Kd7aApftesfpbMPvdlruL5NYlQ_Kbs3s/view?usp=drivesdk,210.jpg"
211,"https://drive.google.com/file/d/1ptAk4PVnn2LPRGCxCb6nYzuVcUKTbpOl/view?usp=drivesdk,211.jpg"
212,"https://drive.google.com/file/d/1D78w4rzvbHhjt3hxfM4usu91dXUJqM5A/view?usp=drivesdk,212.jpg"
213,"https://drive.google.com/file/d/1HSyBUBLAMNoDKGMSqREAMy9tEDc_o0Az/view?usp=drivesdk,213.jpg"
214,"https://drive.google.com/file/d/1lChsqLaYXdDI9z59_9hTT2BvBqjkUaQr/view?usp=drivesdk,214.jpg"
215,"https://drive.google.com/file/d/1p_GNbwbderbxmN1mm3_hfpoUb0Rf_Bk3/view?usp=drivesdk,215.jpg"
216,"https://drive.google.com/file/d/1RAALZHYyrDZR6eLjUpT-NkO9u9ZH8BxS/view?usp=drivesdk,216.jpg"
217,"https://drive.google.com/file/d/1nPkQ3a27ZKgV0INTXH0GrQvQrwFSm1Si/view?usp=drivesdk,217.jpg"
218,"https://drive.google.com/file/d/1YQX20mc9VJW8BEmJU6bWrYDshsJZHPos/view?usp=drivesdk,218.jpg"
219,"https://drive.google.com/file/d/1XlZhem2S0SRDSs9W1NQ6vY5hEj4HsL3U/view?usp=drivesdk,219.jpg"
220,"https://drive.google.com/file/d/16LC2xiBEzqMHomdPmZOFw0qiL7LUxtTn/view?usp=drivesdk,220.jpg"
221,"https://drive.google.com/file/d/1LqitsddtDUzLFQDtqiC52zilHpuLqe3X/view?usp=drivesdk,221.jpg"
222,"https://drive.google.com/file/d/1QyiCtrLDV16sQhBVuVWM4cynpjKvvYu5/view?usp=drivesdk,222.jpg"
223,"https://drive.google.com/file/d/1wrbxMoZ_MOiv2AH0-Bkpwbr3QudakZaE/view?usp=drivesdk,223.jpg"
224,"https://drive.google.com/file/d/1Yd2PoILGaMgRcw4g6iIzsB0ulzDGwmxi/view?usp=drivesdk,224.jpg"
225,"https://drive.google.com/file/d/1DnssAvSCl3Pfy59f3rKaEDT4UKry7Yqd/view?usp=drivesdk,225.jpg"
226,"https://drive.google.com/file/d/1XuDL9qfTDYcM5OPROXVhfWhYf12DNUly/view?usp=drivesdk,226.jpg"
227,"https://drive.google.com/file/d/18FIwbijZPSMj0BQzZPcylFfZe4YYm14w/view?usp=drivesdk,227.jpg"
228,"https://drive.google.com/file/d/1rT1UjSTxjYK4bCTRJVbMZ6DZwxsG1ChT/view?usp=drivesdk,228.jpg"
229,"https://drive.google.com/file/d/1tN4otYBAIjERiTV51qsdh1YAHCKSQbir/view?usp=drivesdk,229.jpg"
230,"https://drive.google.com/file/d/1ONPSrseGXloxHUrn0DSykaTMnL3vcCgi/view?usp=drivesdk,230.jpg"
231,"https://drive.google.com/file/d/1p6cccKvW2sVTTA7JZ-ACzcvUacBPnGxf/view?usp=drivesdk,231.jpg"
232,"https://drive.google.com/file/d/1qDsY4FBl0Yj9blvaYDIf4cyaA9qlI8_J/view?usp=drivesdk,232.jpg"
233,"https://drive.google.com/file/d/1WVL4WyoZKLaD4V5pWL5yDtlTF9EytEUY/view?usp=drivesdk,233.jpg"
234,"https://drive.google.com/file/d/1DaIqOuERxLGJ1gT_pnmDEA33MjDoYg4l/view?usp=drivesdk,234.jpg"
235,"https://drive.google.com/file/d/10jAFruS9gxu5uh3l9WTVmZH6xHzoDbEt/view?usp=drivesdk,235.jpg"
236,"https://drive.google.com/file/d/142XQYMsD51d7-EjOm3TLu9ca4GiiQspl/view?usp=drivesdk,236.jpg"
237,"https://drive.google.com/file/d/1ROIVHCtXYP6XdHEcxkQrJ3uhtdoGko8C/view?usp=drivesdk,237.jpg"
238,"https://drive.google.com/file/d/1OrAkjModJ1_hMEayoCBuwu6bZ7DaH1qs/view?usp=drivesdk,238.jpg"
239,"https://drive.google.com/file/d/1Yx3wNuMy_NGrJotha2sbT9SVRmLrVKec/view?usp=drivesdk,239.jpg"
240,"https://drive.google.com/file/d/1etybouZeol_wVBy8TdUjM8k5heEJplEr/view?usp=drivesdk,240.jpg"
241,"https://drive.google.com/file/d/1Dg4qQ4mVqXAXW1ywnAs4irhws1vn5NHC/view?usp=drivesdk,241.jpg"
242,"https://drive.google.com/file/d/1GgvaPBaBgZ_cM9hxJdgpq98-CGxdOJcd/view?usp=drivesdk,242.jpg"
243,"https://drive.google.com/file/d/1DRdNoUHQBD9e5C9Av4PqRtnvU5VmuEOm/view?usp=drivesdk,243.jpg"
244,"https://drive.google.com/file/d/1VyIj8zwhL0-JFv_eOBZ_iPy2bYxdZeBl/view?usp=drivesdk,244.jpg"
245,"https://drive.google.com/file/d/1mY-MCsfaVM_TvMLsPZ6IBnwD2_kZZ5uq/view?usp=drivesdk,245.jpg"
246,"https://drive.google.com/file/d/1KSnHHY84EBEyBR7wG1fQ6Clw2Br36hAK/view?usp=drivesdk,246.jpg"
247,"https://drive.google.com/file/d/1i9Eyoovi-P2hMC9DI9zG_-nqskLuU37x/view?usp=drivesdk,247.jpg"
248,"https://drive.google.com/file/d/1YrgFkvYTXTtwPpFw8Cvbnh_c9oYKHbGa/view?usp=drivesdk,248.jpg"
249,"https://drive.google.com/file/d/1dRB4ulsbSWpBZSRatq6uRc8M2DUGZJDA/view?usp=drivesdk,249.jpg"
250,"https://drive.google.com/file/d/1wBfdXQMXanLT30KagTs5bDB9DfgCZXEx/view?usp=drivesdk,250.jpg"
251,"https://drive.google.com/file/d/1WGQAydKEY5KcD4u9pHzH0JT4uRsrdi6W/view?usp=drivesdk,251.jpg"
252,"https://drive.google.com/file/d/1C5FEzt6ca1l-NmoL_CAEKUj0bpceZswa/view?usp=drivesdk,252.jpg"
253,"https://drive.google.com/file/d/1CQglzW26B1yug7fkb5oCtala3pasAEmv/view?usp=drivesdk,253.jpg"
254,"https://drive.google.com/file/d/1uIVW_32Hpi7ur6di-qeJw2SisTv5P9CR/view?usp=drivesdk,254.jpg"
255,"https://drive.google.com/file/d/1xxNcKLNAQrKu97jJqGPmZV_JW7XaThBe/view?usp=drivesdk,255.jpg"
256,"https://drive.google.com/file/d/1keZqk1EQqqSTZMkp6i8C3oFfKPYmIGIo/view?usp=drivesdk,256.jpg"
257,"https://drive.google.com/file/d/1AL960jJlm_1lkwe5WHY0PcoWTt0DmY8t/view?usp=drivesdk,257.jpg"
258,"https://drive.google.com/file/d/1Lj9AFNAALbXLJwScsFKUyp-cHDgYQnR3/view?usp=drivesdk,258.jpg"
259,"https://drive.google.com/file/d/1TVinjn-jLBigeM6sd606YoaD9ImSky9E/view?usp=drivesdk,259.jpg"
260,"https://drive.google.com/file/d/19GtMOz5bwY-uKSlrDWAM5MfsaewMz7O4/view?usp=drivesdk,260.jpg"
261,"https://drive.google.com/file/d/1HMf4WoFTlaK2R0Gkg8wniUOPKiVGzlLo/view?usp=drivesdk,261.jpg"
262,"https://drive.google.com/file/d/1VK6HqpKBr8cEoCh0Piu0dnDCkcNtvEMS/view?usp=drivesdk,262.jpg"
263,"https://drive.google.com/file/d/1-AlLIg4JVxUO8K_Qu1xl1OiiDAEUO5j8/view?usp=drivesdk,263.jpg"
264,"https://drive.google.com/file/d/140Syjey_wKGfo9nD-EhIo6WrH0SzcOkj/view?usp=drivesdk,264.jpg"
265,"https://drive.google.com/file/d/1QCZKHBxgHRCq6EO4fkez3XNP0OPjdLNG/view?usp=drivesdk,265.jpg"
266,"https://drive.google.com/file/d/1ZFeSNDlTCQoylpRApDCOfYIrxX7DfuHP/view?usp=drivesdk,266.jpg"
267,"https://drive.google.com/file/d/1iNoXOXWdB0rrUjW_RC701qZbdd8ZmwXz/view?usp=drivesdk,267.jpg"
268,"https://drive.google.com/file/d/1Tt9sYgBqfwHOmAaTWukpTqcNjlNU8-HX/view?usp=drivesdk,268.jpg"
269,"https://drive.google.com/file/d/1F2DszrOex4JSwJexo7XdGChBphD-EIIy/view?usp=drivesdk,269.jpg"
270,"https://drive.google.com/file/d/155_pvl53BwnLw4sw7jXtxysSoU_vB1xs/view?usp=drivesdk,270.jpg"
271,"https://drive.google.com/file/d/1_yMYUSspijED2wKSR1ZjpYiei60WFk8q/view?usp=drivesdk,271.jpg"
272,"https://drive.google.com/file/d/133SNjTUGDhL3IEkXQcAiZEp1UfkC85Jt/view?usp=drivesdk,272.jpg"
273,"https://drive.google.com/file/d/1_ws-bKolAgeJhAGUl6M7k9U_aTMg6HT3/view?usp=drivesdk,273.jpg"
274,"https://drive.google.com/file/d/1BBFVXtmMQvCdJpZdUHx9p5uclhXstLka/view?usp=drivesdk,274.jpg"
275,"https://drive.google.com/file/d/1WgEo_tH-PIiLY0eRfXXjLcB3tztp7CQC/view?usp=drivesdk,275.jpg"
276,"https://drive.google.com/file/d/1m28Rg1PluLyfhQdDgCpDs7OxbKPsoVag/view?usp=drivesdk,276.jpg"
277,"https://drive.google.com/file/d/16EHKidz0CkItcenJUsTVpnGH5w_8ryMg/view?usp=drivesdk,277.jpg"
278,"https://drive.google.com/file/d/1781GiECoUg_i0B5mHfro_XxXkzv2F3Kj/view?usp=drivesdk,278.jpg"
279,"https://drive.google.com/file/d/1CFdeLtkrcy0przOPWTLdX7ZLB37X4sJu/view?usp=drivesdk,279.jpg"
280,"https://drive.google.com/file/d/1hF7c8VkIPb6RmUjhQiMewswWk7NWJ4j-/view?usp=drivesdk,280.jpg"
281,"https://drive.google.com/file/d/1TvvFJtsD_el6p-P7Qns3oXf1JpXSvwt6/view?usp=drivesdk,281.jpg"
282,"https://drive.google.com/file/d/1t1rd8P2yUgU_Zz4qgrDUeiHyzL52GyK8/view?usp=drivesdk,282.jpg"
283,"https://drive.google.com/file/d/1falfXjPPwEarDp2BE2DD8sRvxGS9gfOE/view?usp=drivesdk,283.jpg"
284,"https://drive.google.com/file/d/1aXDslf9nREiCnwf53PSW3n6g--d3uDxZ/view?usp=drivesdk,284.jpg"
285,"https://drive.google.com/file/d/1LoDU3q99iGKTV4RjnhQD6TmW6EMK8MNG/view?usp=drivesdk,285.jpg"
286,"https://drive.google.com/file/d/1cgGtRVhvipjoTIhCNT9Gpe72LJ-P_Rb0/view?usp=drivesdk,286.jpg"
287,"https://drive.google.com/file/d/1ffJST_UQd1Tor4I236lQVSS0JLJmhxMZ/view?usp=drivesdk,287.jpg"
288,"https://drive.google.com/file/d/1VjUBWUPAR4jad5XY-UDksx5SqeoyTkp5/view?usp=drivesdk,288.jpg"
289,"https://drive.google.com/file/d/1eHShFMZf9YQiOYOCw6GxXW073yD4n7dZ/view?usp=drivesdk,289.jpg"
290,"https://drive.google.com/file/d/1XQNmDrntezOGx2790qmF1TalWeZUpE18/view?usp=drivesdk,290.jpg"
291,"https://drive.google.com/file/d/1_TjvPWF0iT4JYd7w17uTiVhfN8yk5bYI/view?usp=drivesdk,291.jpg"
292,"https://drive.google.com/file/d/18CmMk7c-QuohYwu9MyQ6qPimYeAfXq3a/view?usp=drivesdk,292.jpg"
293,"https://drive.google.com/file/d/1sW6U4IwXY-HNibtZTJTmV3r9vcOpunhE/view?usp=drivesdk,293.jpg"
294,"https://drive.google.com/file/d/1_z7PuljSa4dWy35ksVj0Y3YTad4hj-Th/view?usp=drivesdk,294.jpg"
295,"https://drive.google.com/file/d/1N9JUTnu3xcdSY5vPFQ-g39TreaIJLiNw/view?usp=drivesdk,295.jpg"
296,"https://drive.google.com/file/d/1Ux538K7wrODBJdHrkUyOrUu5dJo347yp/view?usp=drivesdk,296.jpg"
297,"https://drive.google.com/file/d/1siSlxpoOyFrAad8crS0K9gklm3EMjKIA/view?usp=drivesdk,297.jpg"
298,"https://drive.google.com/file/d/1pvviCvGgQhX8i4yQ4Dj51JBey0PlMAJz/view?usp=drivesdk,298.jpg"
299,"https://drive.google.com/file/d/1Yf1iXIWzxRkH41LlRgEIs81HQnlks2tC/view?usp=drivesdk,299.jpg"
300,"https://drive.google.com/file/d/17IwiXiyrVp3qi8kYkncbYCxSwaKW4kIq/view?usp=drivesdk,300.jpg"
301,"https://drive.google.com/file/d/1ca-dkTLdavbuCOQlVH-Wcmp-v-jK4C3D/view?usp=drivesdk,301.jpg"
302,"https://drive.google.com/file/d/165fj5mt5cQACCjaPj6axAEkMubQOvrFC/view?usp=drivesdk,302.jpg"
303,"https://drive.google.com/file/d/1nGLGgAuQKq6bVmunlqjzQ_ttb8NJX5aT/view?usp=drivesdk,303.jpg"
304,"https://drive.google.com/file/d/1AS3bZqlFqKKdDgdi3reyoG1wh2DZ2-99/view?usp=drivesdk,304.jpg"
305,"https://drive.google.com/file/d/1LG5e5Od46FYEBXOS9QfBKp5voHChdqmI/view?usp=drivesdk,305.jpg"
306,"https://drive.google.com/file/d/1heSDNdTzRgtnG_LVbe8DHLqciYfVL6vN/view?usp=drivesdk,306.jpg"
307,"https://drive.google.com/file/d/1TJ_nOJbVqf5lEsBc7yNaOps9Uv4_ioWY/view?usp=drivesdk,307.jpg"
308,"https://drive.google.com/file/d/1g0OmIQl3pb3F1qmQqgBR32QqReEo3F0c/view?usp=drivesdk,308.jpg"
309,"https://drive.google.com/file/d/1TGTm5kyyRg2_wec_wK0UjYJEQuKXXUPR/view?usp=drivesdk,309.jpg"
310,"https://drive.google.com/file/d/1hdI8XnOAi-ttC_Hzj4ZW99tz8TPRiQ9c/view?usp=drivesdk,310.jpg"
311,"https://drive.google.com/file/d/17hCs6DaFfuLADKKD3v4kYfbpyNZ2KjyZ/view?usp=drivesdk,311.jpg"
312,"https://drive.google.com/file/d/1dIpb8x2PI_oGSb49-elyqzVg43IOM21h/view?usp=drivesdk,312.jpg"
313,"https://drive.google.com/file/d/1SYuy06zbPS_ddiZdL5qjNE84TTHXAp9y/view?usp=drivesdk,313.jpg"
314,"https://drive.google.com/file/d/1_1_P35ijj3gIIVZlNNjqt5YzC13cgNy3/view?usp=drivesdk,314.jpg"
315,"https://drive.google.com/file/d/1aLaFBPw5hyYFE4SPx06qKh2hNnOXy6zs/view?usp=drivesdk,315.jpg"
316,"https://drive.google.com/file/d/1WU5REOkb7bWEFC_UVanp4-0mDXwz9oiJ/view?usp=drivesdk,316.jpg"
317,"https://drive.google.com/file/d/1--YjSkBNe2iVYQZY_FsNO8UYF3zQVe3K/view?usp=drivesdk,317.jpg"
318,"https://drive.google.com/file/d/1QQ3lrhuedqb0gVogYJbGIo2cyELmnnF0/view?usp=drivesdk,318.jpg"
319,"https://drive.google.com/file/d/1CZFj1c8tCuAoXVbjCWFcXKbtf6paEVil/view?usp=drivesdk,319.jpg"
320,"https://drive.google.com/file/d/1rMn4LolKUlTnoVABzTG--ZIy8NAfDATp/view?usp=drivesdk,320.jpg"
321,"https://drive.google.com/file/d/1LaIa0aW-ApfuVjz9vKwJpTZa8KM8Iw7J/view?usp=drivesdk,321.jpg"
322,"https://drive.google.com/file/d/1z_kgFGkQw5SKOVzrg9Mtu7eM4824nWXR/view?usp=drivesdk,322.jpg"
323,"https://drive.google.com/file/d/1fG1ZQpAN4Sqd_vCIMcORYZMYDW9DIhAV/view?usp=drivesdk,323.jpg"
324,"https://drive.google.com/file/d/1hkagvpEmigcN3U2xNW8wLi__h34aYxTB/view?usp=drivesdk,324.jpg"
325,"https://drive.google.com/file/d/1QS85iuyVf9bTjeRo8jg2yIbINuhQzcm_/view?usp=drivesdk,325.jpg"
326,"https://drive.google.com/file/d/1ycbFndt6C4Wx4oZ3OC2tWb0zDCkfehh5/view?usp=drivesdk,326.jpg"
327,"https://drive.google.com/file/d/1nQfh5a5Stc8pmv-0U8_P6wZ1BiXflW--/view?usp=drivesdk,327.jpg"
328,"https://drive.google.com/file/d/1GmoPPPyLMHBhUVThHOU6aLbSTXIKSpz6/view?usp=drivesdk,328.jpg"
329,"https://drive.google.com/file/d/1k24lKp1HceeLqnxD9_sf-i4wmVUOJHcF/view?usp=drivesdk,329.jpg"
330,"https://drive.google.com/file/d/1VM-hduCheqtHkmuW0PQbGMWuflYj1PBF/view?usp=drivesdk,330.jpg"
331,"https://drive.google.com/file/d/13dJY7P2SetXQBpJvEDBrG6q68blq_lbO/view?usp=drivesdk,331.jpg"
332,"https://drive.google.com/file/d/1300kqDM6s6iuRXCGpiYpXf-vel6QSmHf/view?usp=drivesdk,332.jpg"
333,"https://drive.google.com/file/d/1XER-f9m-nJ0lPdYkWCf3nlGOljlEGE7E/view?usp=drivesdk,333.jpg"
334,"https://drive.google.com/file/d/1KBI94dSaiLujPqj3XdBwwdA6AnASuzch/view?usp=drivesdk,334.jpg"
335,"https://drive.google.com/file/d/1FH0Py9vmpX8BHxcRuCJwvCk_SKec2oa-/view?usp=drivesdk,335.jpg"
336,"https://drive.google.com/file/d/1oAUxck4_0MvhCFXLTh2Mmu9MaxhZUH-w/view?usp=drivesdk,336.jpg"
337,"https://drive.google.com/file/d/1-wN2BAMvIdHUmo0MH3xReiwo3d1qCQfa/view?usp=drivesdk,337.jpg"
338,"https://drive.google.com/file/d/1f42peEyoGVJy8_Gh6pmRGZ13Zt1psUSS/view?usp=drivesdk,338.jpg"
339,"https://drive.google.com/file/d/1Fv_l2DXMJHvN2eOOKHkKqM4dGO64csgU/view?usp=drivesdk,339.jpg"
340,"https://drive.google.com/file/d/1NqdDkCNDusYE60K5VRI-5z4bvO9RarMQ/view?usp=drivesdk,340.jpg"
341,"https://drive.google.com/file/d/1qXwqrpSy6Jp2aGQiojCj71PpP0eU0_45/view?usp=drivesdk,341.jpg"
342,"https://drive.google.com/file/d/19R7z5dC0VSz1xby1Ac876RxCS3GABpgw/view?usp=drivesdk,342.jpg"
343,"https://drive.google.com/file/d/1VZJpHC2DcSggyeDRfgjRduOa7LRJ5rpK/view?usp=drivesdk,343.jpg"
344,"https://drive.google.com/file/d/1qD_NGs6WiJTFgtktFFjwiycH23UjNA9p/view?usp=drivesdk,344.jpg"
345,"https://drive.google.com/file/d/18c6TzIy8pQpVvBO1s0YsOYa-ZMposmEu/view?usp=drivesdk,345.jpg"
346,"https://drive.google.com/file/d/1DiLC74CjQWzcAyoEXK3OjLqVFmaHOQTq/view?usp=drivesdk,346.jpg"
347,"https://drive.google.com/file/d/1RbvCeKnlfq1oCYeZ2BPESzCAE8s3oH3X/view?usp=drivesdk,347.jpg"
348,"https://drive.google.com/file/d/1FDXtA-oC85-y1xmdru5TI2UNjXNWcQ9F/view?usp=drivesdk,348.jpg"
349,"https://drive.google.com/file/d/17ArhFpFIYx1rxpmL2L5pV-Zd7lTK1cN4/view?usp=drivesdk,349.jpg"
350,"https://drive.google.com/file/d/1D0TiXt1oKvUvFowkbj9jZ2k44muZscFg/view?usp=drivesdk,350.jpg"
351,"https://drive.google.com/file/d/10yir-HAwH5EXvgntKwk1Jmc_7S6CY32c/view?usp=drivesdk,351.jpg"
352,"https://drive.google.com/file/d/1BpeVUrJiEtQ0wF8Zz7TcIz1OAIh64mTY/view?usp=drivesdk,352.jpg"
353,"https://drive.google.com/file/d/15ASKjkrxPLupXw2P2-Ix-I7ZsonN7dj0/view?usp=drivesdk,353.jpg"
354,"https://drive.google.com/file/d/1X-afNLCzqDDAnnjl3IMw9esSjPStxdX7/view?usp=drivesdk,354.jpg"
355,"https://drive.google.com/file/d/12h1LRP8FlD966HYCgyXVJIkoiT_u34yp/view?usp=drivesdk,355.jpg"
356,"https://drive.google.com/file/d/14tDv991R5e3o_70DgmxXp_LeU0uMHBbF/view?usp=drivesdk,356.jpg"
357,"https://drive.google.com/file/d/1mokSQbUEYtRvSALcgiBxczLDSjj-4JbS/view?usp=drivesdk,357.jpg"
358,"https://drive.google.com/file/d/1bTdLCtoPN-OUaHRQaSO4Q0Uyzs8V5RAd/view?usp=drivesdk,358.jpg"
359,"https://drive.google.com/file/d/1hv4s6VWc7jSY0ztEBsI8dX8Vh5uMN32K/view?usp=drivesdk,359.jpg"
360,"https://drive.google.com/file/d/1VFwr5rLJVAQA9mPnNxZOo7m_3RRGZXvY/view?usp=drivesdk,360.jpg"
361,"https://drive.google.com/file/d/1fvP1As18zpJUQJZ0sCsq_MMn1_2Fmwk_/view?usp=drivesdk,361.jpg"
362,"https://drive.google.com/file/d/1nfSn23ekdo1D5cGXitTxUH9OcljRYTBO/view?usp=drivesdk,362.jpg"
363,"https://drive.google.com/file/d/1xOLWsk0We3vemrA8QX6ECmln7QyuyJyW/view?usp=drivesdk,363.jpg"
364,"https://drive.google.com/file/d/1guMLan9E8WW9Do1WDoLx7jM_VdI7dWWT/view?usp=drivesdk,364.jpg"
365,"https://drive.google.com/file/d/1s0_gWinHWeKZAisKHlXlbQZHrftGLYKb/view?usp=drivesdk,365.jpg"
366,"https://drive.google.com/file/d/1fyr0PvcQsFczTaigikxbc4CLhirHdOnG/view?usp=drivesdk,366.jpg"
367,"https://drive.google.com/file/d/1OStr8o0ZZf4AH34oyzdI5-Qr6wjji6fq/view?usp=drivesdk,367.jpg"
368,"https://drive.google.com/file/d/1juSb05RToFFcCV3xj1DDLr88pCethdFR/view?usp=drivesdk,368.jpg"
369,"https://drive.google.com/file/d/1pltSfqP8v1sABvZBLB8SpOVgYwI2psTO/view?usp=drivesdk,369.jpg"
370,"https://drive.google.com/file/d/1kRp5Ao8GoisqiNzDF604_YhjtvRarx2P/view?usp=drivesdk,370.jpg"
371,"https://drive.google.com/file/d/12frgIgG3VRmgQszv7ZX2XsAVCAna5QuE/view?usp=drivesdk,371.jpg"
372,"https://drive.google.com/file/d/1rMkT7ydDZ6JRE70Lfw5pyntWKcbvtF90/view?usp=drivesdk,372.jpg"
373,"https://drive.google.com/file/d/1_Ddfv2EdkGvlhh-IABW2iRdW08bnvyJK/view?usp=drivesdk,373.jpg"
374,"https://drive.google.com/file/d/1NAQewclEBms9sIYcqGWtbi78URNnv19Q/view?usp=drivesdk,374.jpg"
375,"https://drive.google.com/file/d/1z4LWcy3QWOdmlat0GDHj39RM7ae2dOPV/view?usp=drivesdk,375.jpg"
376,"https://drive.google.com/file/d/1c5CxTHXhug_hvmImJXf5RFpgoVytRPHU/view?usp=drivesdk,376.jpg"
377,"https://drive.google.com/file/d/1rs6sxkkv9J8-wiryXqLUW3hAvpwwGTA3/view?usp=drivesdk,377.jpg"
378,"https://drive.google.com/file/d/1YK4lc70WtPLnEP8oDYRWDgsRrnah-7in/view?usp=drivesdk,378.jpg"
379,"https://drive.google.com/file/d/1gljRGoDcWNtFwLodJ2PDxmx712NZ5GHg/view?usp=drivesdk,379.jpg"
380,"https://drive.google.com/file/d/1sGd5mueAd7tHZ-rtDPbPKB564M_uwud7/view?usp=drivesdk,380.jpg"
381,"https://drive.google.com/file/d/1iXBNWnpvvgkz0l20vYlJcRR9lrixwBNz/view?usp=drivesdk,381.jpg"
382,"https://drive.google.com/file/d/1GBQD3ocADzY-dasOgCaw6o8Tb6qCI24_/view?usp=drivesdk,382.jpg"
383,"https://drive.google.com/file/d/1AFfnW-0AcKvu1AJiGooQIGpY25f0oysf/view?usp=drivesdk,383.jpg"
384,"https://drive.google.com/file/d/1cc0M8eD57e3C6dlKJzKRFvUV7DU1r0A1/view?usp=drivesdk,384.jpg"
385,"https://drive.google.com/file/d/1fTOnCKY6AJCkNzWOjvZp9nTSVg0BP18B/view?usp=drivesdk,385.jpg"
386,"https://drive.google.com/file/d/1jaSelXSaOufaT-Z3pXOV-6783VNfRtAZ/view?usp=drivesdk,386.jpg"
387,"https://drive.google.com/file/d/1oEZKM0TdvhslFdhRRCmz0iORmMe-4hoi/view?usp=drivesdk,387.jpg"
388,"https://drive.google.com/file/d/1ZtENAkIdGnw813Yiz4dI8UxEJ_VilOIQ/view?usp=drivesdk,388.jpg"
389,"https://drive.google.com/file/d/1M8HJrrkZgIyVWtgN2shLue7igobz7zDz/view?usp=drivesdk,389.jpg"
390,"https://drive.google.com/file/d/1xucbappZ_s9hFIIjo8mIgPGu0wKJ7JHT/view?usp=drivesdk,390.jpg"
391,"https://drive.google.com/file/d/1B-b-mU3yMC7G0mR70cJICWU9x9bz8uYa/view?usp=drivesdk,391.jpg"
392,"https://drive.google.com/file/d/1n-RVi32r63hJwqsWET06kBGyZG-8piOQ/view?usp=drivesdk,392.jpg"
393,"https://drive.google.com/file/d/1WqfhwUQY5-OSY29Eol0-upPPIbhqWuj3/view?usp=drivesdk,393.jpg"
394,"https://drive.google.com/file/d/1VrxWho2ZkAVQpxX4TsE6Sr5ATcJIfMIu/view?usp=drivesdk,394.jpg"
395,"https://drive.google.com/file/d/1g7f0A6NxKzgqzkTeDWNAE7K3fUELiaA7/view?usp=drivesdk,395.jpg"
396,"https://drive.google.com/file/d/1WM1hQft018WcpgTOfZsBn5PxcIqPNTna/view?usp=drivesdk,396.jpg"
397,"https://drive.google.com/file/d/1BMXbRfhrHY63f53tGOMVWz06N4puC4dQ/view?usp=drivesdk,397.jpg"
398,"https://drive.google.com/file/d/1xRGFZQMRn_0SONW4nr0wxWHIO-dGOj1h/view?usp=drivesdk,398.jpg"
399,"https://drive.google.com/file/d/1TQW884DaKdRT5N_RJ-_eKbZu8q_agqnU/view?usp=drivesdk,399.jpg"
400,"https://drive.google.com/file/d/1OQHLiqwRF2cQM1spnsQSRyki74nHqLZm/view?usp=drivesdk,400.jpg"
401,"https://drive.google.com/file/d/1fSbg6CReO6JnBfz5UrZsf8fSzpJk68nH/view?usp=drivesdk,401.jpg"
402,"https://drive.google.com/file/d/1sk7fnBu9VruShCt9vNzqzuBq3GyoR3E1/view?usp=drivesdk,402.jpg"
403,"https://drive.google.com/file/d/1ACyHIFEsOD4vz8YyTnOTW1xm2sqMB59W/view?usp=drivesdk,403.jpg"
404,"https://drive.google.com/file/d/1_cuwS6OhiqQEeoavQBZzUA2ZDFwBBxUr/view?usp=drivesdk,404.jpg"
405,"https://drive.google.com/file/d/1u1t2cgxRd_Tpo-lsmXZIrpbdm88Woo3p/view?usp=drivesdk,405.jpg"
406,"https://drive.google.com/file/d/1s_qqBLKGA-jF-YFuY8cA8tZg_yrnDAoB/view?usp=drivesdk,406.jpg"
407,"https://drive.google.com/file/d/1MGYK2b8vMViawADjJpyxYCF4OW5yzM3u/view?usp=drivesdk,407.jpg"
408,"https://drive.google.com/file/d/1lfC0aBQJv7Wvsxu00e6111GRtUMgCUii/view?usp=drivesdk,408.jpg"
409,"https://drive.google.com/file/d/1YzWC2xNhjCkNQI38CIEt489xq_Vy0npz/view?usp=drivesdk,409.jpg"
410,"https://drive.google.com/file/d/1IY43oN8acA8FrhwrW8nNLFAWxiIfULtc/view?usp=drivesdk,410.jpg"
411,"https://drive.google.com/file/d/1DXc-C-okTNtTFU_tM_TViJD9vZrSp_Tc/view?usp=drivesdk,411.jpg"
412,"https://drive.google.com/file/d/1uKv3_BRlFYjQI4GQnGFoaqvo06ODYLpE/view?usp=drivesdk,412.jpg"
413,"https://drive.google.com/file/d/1kvFtv0ZBjFYHEHC7T7USp5NjhnYCj9hs/view?usp=drivesdk,413.jpg"
414,"https://drive.google.com/file/d/19K_VCoIigzQOxY1jN9XWuup2l53ss7W8/view?usp=drivesdk,414.jpg"
415,"https://drive.google.com/file/d/1dCgBkR_0XaIboav5f9g64tyT3IA9ZOs3/view?usp=drivesdk,415.jpg"
416,"https://drive.google.com/file/d/1c4v-uWzPsssbqoBN2U1xStDpJQei4N7l/view?usp=drivesdk,416.jpg"
417,"https://drive.google.com/file/d/13rObevi-w3jceOqAGBno8MmBpEmpEMch/view?usp=drivesdk,417.jpg"
418,"https://drive.google.com/file/d/1gfvYldr4soN9ret1Z1F_NstCKkHF44K6/view?usp=drivesdk,418.jpg"
419,"https://drive.google.com/file/d/1RetFAFNKtOWM5-U4adcLFutKc7aL-tZQ/view?usp=drivesdk,419.jpg"
420,"https://drive.google.com/file/d/130zK9UC5TF0Yh40F1zxYNVpQS6S1H-UJ/view?usp=drivesdk,420.jpg"
421,"https://drive.google.com/file/d/1r4MdBSZEKakdZ2l0JObRyMeqZfRvRYlV/view?usp=drivesdk,421.jpg"
422,"https://drive.google.com/file/d/1xykjFqQSxNZR_fQ5NE411CDr5xiWvI-U/view?usp=drivesdk,422.jpg"
423,"https://drive.google.com/file/d/1RUkpBEVf1KulNaEN5H5LgC7PJjrXwm47/view?usp=drivesdk,423.jpg"
424,"https://drive.google.com/file/d/1AY_y9stOine2riBvwhV8aH1ngrt5L_55/view?usp=drivesdk,424.jpg"
425,"https://drive.google.com/file/d/1GbFa8pJSeayDA3kNTy6h_3nsYUgJvnag/view?usp=drivesdk,425.jpg"
426,"https://drive.google.com/file/d/10TTbQ97F6nMLpxOiLZrVDy_6DQPQWeRU/view?usp=drivesdk,426.jpg"
427,"https://drive.google.com/file/d/180S2YyStXyVxE9ddzHbNokVSyj3GZFgb/view?usp=drivesdk,427.jpg"
428,"https://drive.google.com/file/d/1n7ZtUyBculVuAV4Th0Cj6TTRARvcD8uf/view?usp=drivesdk,428.jpg"
429,"https://drive.google.com/file/d/1nrqU_3MkL18BaXNiYMsbEMmzXNf9KroQ/view?usp=drivesdk,429.jpg"
430,"https://drive.google.com/file/d/1O2p5ZCgNsy9-1HUpPk5z04n6Zud9LcRb/view?usp=drivesdk,430.jpg"
431,"https://drive.google.com/file/d/1lkq4O526TcJwZrNUbY6cBRHrcoEtIKWZ/view?usp=drivesdk,431.jpg"
432,"https://drive.google.com/file/d/1MbHmpXNO9S9JM0mIvebxMYcaUhWDrw4I/view?usp=drivesdk,432.jpg"
433,"https://drive.google.com/file/d/1ncFiwVeYaj68F2Ku-IvzCwX9xMx5Va4T/view?usp=drivesdk,433.jpg"
434,"https://drive.google.com/file/d/10vi35aTrjOLB60_PVl8brx1XjxzQF5Q4/view?usp=drivesdk,434.jpg"
435,"https://drive.google.com/file/d/1wHM5292jPoAe9B6mRD3UuMVmB1i1WQfB/view?usp=drivesdk,435.jpg"
436,"https://drive.google.com/file/d/1x6TZzEiwOvjBN_yGho4HW5roXJGtBQOd/view?usp=drivesdk,436.jpg"
437,"https://drive.google.com/file/d/1t5RWig7SV1owCF5n4yFyaZYBTmK8j9e1/view?usp=drivesdk,437.jpg"
438,"https://drive.google.com/file/d/1bBtx66yg6s-OyfMtXHzxT_IUrKZcdGH0/view?usp=drivesdk,438.jpg"
439,"https://drive.google.com/file/d/1Mu6O9IrJyMhOKzoY9WEqnT8IXWTtJpJe/view?usp=drivesdk,439.jpg"
440,"https://drive.google.com/file/d/1Jr9hJJxQN2rY2KVlAnptN1Y_K5XVSes2/view?usp=drivesdk,440.jpg"
441,"https://drive.google.com/file/d/1EdHAdgsCDhFG2k5vYSvI3Oi9byjyl-2E/view?usp=drivesdk,441.jpg"
442,"https://drive.google.com/file/d/11yk4CkES7YFdZU2ZYdb2iHci_3hii656/view?usp=drivesdk,442.jpg"
443,"https://drive.google.com/file/d/1TnaZ1gRuTUbAd8nmaplEAGHB3-nc-LAJ/view?usp=drivesdk,443.jpg"
444,"https://drive.google.com/file/d/18XlwhGbS5zTsqIZ9OwzD8qkBYLI-WXbu/view?usp=drivesdk,444.jpg"
445,"https://drive.google.com/file/d/1IuAmKaB47J2-p5bmK4wsvy39tEnqDPOd/view?usp=drivesdk,445.jpg"
446,"https://drive.google.com/file/d/1Yxl1H2KGQUkbHXylFpioGy5D5v9pZFRp/view?usp=drivesdk,446.jpg"
447,"https://drive.google.com/file/d/1OF_h4JtbdK7hHXIZDOa5LEOrd6gvGh7x/view?usp=drivesdk,447.jpg"
448,"https://drive.google.com/file/d/1Hjq-Ss3NXFgLWnk87B697X3Yq89xX15p/view?usp=drivesdk,448.jpg"
449,"https://drive.google.com/file/d/1Tma1mUGzxhuPoSC5uEPsK0YdHkS3ImAP/view?usp=drivesdk,449.jpg"
450,"https://drive.google.com/file/d/1H237AA0zSyzcRRdb_5-Vj7yJPH7jNgi8/view?usp=drivesdk,450.jpg"
451,"https://drive.google.com/file/d/1SLnSdemWt2a-vvqmnd2vZzFj7YKA7TYi/view?usp=drivesdk,451.jpg"
452,"https://drive.google.com/file/d/1CdoUnHFrGPLm2evjXNTzDUSthvH-fL8g/view?usp=drivesdk,452.jpg"
453,"https://drive.google.com/file/d/1Y6ffpYUVLSdppo73I1mz1NVPAILtm4j9/view?usp=drivesdk,453.jpg"
454,"https://drive.google.com/file/d/1EmokuP0B4qK5DAlrbXzXzoLOouCa0SOm/view?usp=drivesdk,454.jpg"
455,"https://drive.google.com/file/d/1tAKEjxFS43OOW76fFwOUjuGFpwheY293/view?usp=drivesdk,455.jpg"
456,"https://drive.google.com/file/d/1UUta7lBeLthrI3WDV1_RNy4MN1gT7ea2/view?usp=drivesdk,456.jpg"
457,"https://drive.google.com/file/d/1519LnfW6N-Ng40FMOW81C41TobWUZgdc/view?usp=drivesdk,457.jpg"
458,"https://drive.google.com/file/d/1z9RiwbBN4JdzrP8XVHuky3nRbren5r1A/view?usp=drivesdk,458.jpg"
459,"https://drive.google.com/file/d/1csG_0iyUL7eRxOy9YNszloDBcYpG8fos/view?usp=drivesdk,459.jpg"
460,"https://drive.google.com/file/d/1h2ETb9RJor3fqFmWTdd0sbF1q9gHo_wX/view?usp=drivesdk,460.jpg"
461,"https://drive.google.com/file/d/1YdsYG5f9f9CZODMiHWddgZezv132U_29/view?usp=drivesdk,461.jpg"
462,"https://drive.google.com/file/d/1pyDZEwpfTSUPFYNyGiUKIAMxayqKa7ZL/view?usp=drivesdk,462.jpg"
463,"https://drive.google.com/file/d/1Z5ePlGiwWk_AAiGCbH85aMIb6ngm6NsO/view?usp=drivesdk,463.jpg"
464,"https://drive.google.com/file/d/1u83GkslMWlD1Bx0RyF6h2bnfOayvy9Ek/view?usp=drivesdk,464.jpg"
465,"https://drive.google.com/file/d/1gY3lxTb4vKEuk0UeAUTczdTl1Bf-sLU5/view?usp=drivesdk,465.jpg"
466,"https://drive.google.com/file/d/1agGFNYXzxhiszHDYTLJsm-Cgc-Z_R78b/view?usp=drivesdk,466.jpg"
467,"https://drive.google.com/file/d/186gHBihb2QrQB9LLWA9eClXlE2LsU3Iq/view?usp=drivesdk,467.jpg"
468,"https://drive.google.com/file/d/1i7okXmCN2zOVdwPxtTqe_A6g_qq4VyJ1/view?usp=drivesdk,468.jpg"
469,"https://drive.google.com/file/d/1WXL5ZinK4bMuWy4wS3i1lSPZyBvpdggu/view?usp=drivesdk,469.jpg"
470,"https://drive.google.com/file/d/10kUB7J_RzD5wROwxiY21tyaxsfYql3hu/view?usp=drivesdk,470.jpg"
471,"https://drive.google.com/file/d/1LAr-ra9pXF_GcyIBWJ9Kndx92kVVpe0G/view?usp=drivesdk,471.jpg"
472,"https://drive.google.com/file/d/1mfh1KiwRaoCBEf8-PN4j5J-S3q4kq2tQ/view?usp=drivesdk,472.jpg"
473,"https://drive.google.com/file/d/15QQNLVbjEnT1FtO6LT-LWWEwCgxHunOh/view?usp=drivesdk,473.jpg"
474,"https://drive.google.com/file/d/1batWOGmF6dNWXnBbaP89T47CfEhSMkD8/view?usp=drivesdk,474.jpg"
475,"https://drive.google.com/file/d/1OkGFaKT2y8YHl2_8QYnV6PuQvtDvATrA/view?usp=drivesdk,475.jpg"
476,"https://drive.google.com/file/d/1BF8cgHM0V99sEUJVnJNbzvpq5ZqxbCgx/view?usp=drivesdk,476.jpg"
477,"https://drive.google.com/file/d/1ATWlmgBqohl68yPGciV0_BUE_je_fNlk/view?usp=drivesdk,477.jpg"
478,"https://drive.google.com/file/d/1nDMt3PEBBl1nXe7WtPCEV3FUFOPlYLzd/view?usp=drivesdk,478.jpg"
479,"https://drive.google.com/file/d/1yYmAebj3Jv6A11wNqQhwSm4igyHiMxcE/view?usp=drivesdk,479.jpg"
480,"https://drive.google.com/file/d/15ISAlfGw5XGVou2j1gknm0vioewdjj21/view?usp=drivesdk,480.jpg"
481,"https://drive.google.com/file/d/1Q8eHYv2M8rJuqwlQ6daMUCztw93JnCB2/view?usp=drivesdk,481.jpg"
482,"https://drive.google.com/file/d/1Dz274s0mX8yJTzla4hDXqaerfQlgNyHB/view?usp=drivesdk,482.jpg"
483,"https://drive.google.com/file/d/15aX9NdHE9RMwZnf6HzkmYOhBVhIhrYSI/view?usp=drivesdk,483.jpg"
484,"https://drive.google.com/file/d/13sW6rjxBbCoYxLKmzA5suyBkeBlst_1N/view?usp=drivesdk,484.jpg"
485,"https://drive.google.com/file/d/1taciGoAkIX3PZZMli_KBz81hrlFOvvNf/view?usp=drivesdk,485.jpg"
486,"https://drive.google.com/file/d/1cP8UtH82FJ5gtfHwGVO1WOCzDOAvXm0Y/view?usp=drivesdk,486.jpg"
487,"https://drive.google.com/file/d/1y9wWzQKEs4-y22rWHNSa02KDjwCqUtOn/view?usp=drivesdk,487.jpg"
488,"https://drive.google.com/file/d/1GaLCq9nW3k9mrBR5ttj5Ip4ToP5QLiml/view?usp=drivesdk,488.jpg"
489,"https://drive.google.com/file/d/1NYYFqFV7mqtlp7J0w9JXxC2V6DZjVREH/view?usp=drivesdk,489.jpg"
490,"https://drive.google.com/file/d/1yopvXJVbRECA76cuGFZdGIls6YH8Y1v2/view?usp=drivesdk,490.jpg"
491,"https://drive.google.com/file/d/1yQ5GRNwU4ihxKeIQw6I-nvrMQHw-hjFO/view?usp=drivesdk,491.jpg"
492,"https://drive.google.com/file/d/19JFP7tm4BFc7kQ84wccT0Mn8qcgKA73B/view?usp=drivesdk,492.jpg"
493,"https://drive.google.com/file/d/17RMgEPtXiJplGDDlhEd5aWRKV_dSPiko/view?usp=drivesdk,493.jpg"
494,"https://drive.google.com/file/d/1ciQ3ctFrmh74xhl2-70d5dP-6gHfQFcH/view?usp=drivesdk,494.jpg"
495,"https://drive.google.com/file/d/1ePqJleJyORzNKpP2D4Oh9CFHRw4ETroS/view?usp=drivesdk,495.jpg"
496,"https://drive.google.com/file/d/1eo9776SSre9ggdwTwsvU-m9DaX85KP9G/view?usp=drivesdk,496.jpg"
497,"https://drive.google.com/file/d/18CIfyRtxyBbPSh8pqfxsYE2lvBrcE6mL/view?usp=drivesdk,497.jpg"
498,"https://drive.google.com/file/d/1ESt8r2xpD20XdCk2-cq01L0mCON7k8bl/view?usp=drivesdk,498.jpg"
499,"https://drive.google.com/file/d/1pCr1BxYUEZZmD4xoZIhrSWKjCuMB5W3R/view?usp=drivesdk,499.jpg"
500,"https://drive.google.com/file/d/1MEhr03Vdd-gp8kAOhkf-rnhN9Z6UFMCY/view?usp=drivesdk,500.jpg"
501,"https://drive.google.com/file/d/1SWu_CIdqdAfVI2kOJO12dUB-NEvp9PeB/view?usp=drivesdk,501.jpg"
502,"https://drive.google.com/file/d/1855KN5pQZUNhHpd0c1dyzdnwtcowBncT/view?usp=drivesdk,502.jpg"
503,"https://drive.google.com/file/d/1kaW_YzCoOwqvaI85WCHzhJZ7ec2-TTNu/view?usp=drivesdk,503.jpg"
504,"https://drive.google.com/file/d/1cXuDN0w7sjsWZVa953jnUabpKlIRosyN/view?usp=drivesdk,504.jpg"
505,"https://drive.google.com/file/d/1EvtXK6DNAC_5sxQalJgvQZhCAUpAgJr2/view?usp=drivesdk,505.jpg"
506,"https://drive.google.com/file/d/1-QV60vTjFI9w9oQ4hIc93ytQGaf9usAr/view?usp=drivesdk,506.jpg"
507,"https://drive.google.com/file/d/17028-W0I0lUujMAxCWh8jnaE3F83RGVg/view?usp=drivesdk,507.jpg"
508,"https://drive.google.com/file/d/1_wqy3npBT-v20mxr6-N4NYUyrTZvg_ix/view?usp=drivesdk,508.jpg"
509,"https://drive.google.com/file/d/1qzupXDWEfvea6E_7AdTfkHqlvoaKi5Zg/view?usp=drivesdk,509.jpg"
510,"https://drive.google.com/file/d/1nbWTIbqG9IiUaltAI7bP_OvrgesmTG5f/view?usp=drivesdk,510.jpg"
511,"https://drive.google.com/file/d/1gEj8Wb1JEoFsWJJxpDy67pDfVMZWGqpf/view?usp=drivesdk,511.jpg"
512,"https://drive.google.com/file/d/1UVspM8BqBIPaPM4K407k-rLAkTNQVtM0/view?usp=drivesdk,512.jpg"
513,"https://drive.google.com/file/d/1qAVT745glOPJAwzZ_L2X0inCQaxpKGyb/view?usp=drivesdk,513.jpg"
514,"https://drive.google.com/file/d/1dskT0oe6YS8e2kuw8oK9cl08P14J720y/view?usp=drivesdk,514.jpg"
515,"https://drive.google.com/file/d/1I_av0xdIjInSEXoN2RwAsV-lKeZ59QMW/view?usp=drivesdk,515.jpg"
516,"https://drive.google.com/file/d/1bRDqyO8NeEvSNdX5qOjue48SpGJr0Y48/view?usp=drivesdk,516.jpg"
517,"https://drive.google.com/file/d/164BBDdqAZr1TKM8CY4fc7crE9q48bnVa/view?usp=drivesdk,517.jpg"
518,"https://drive.google.com/file/d/1Xw8XjLvPhLGas7JtxQKbpqzLtYS1O1L1/view?usp=drivesdk,518.jpg"
519,"https://drive.google.com/file/d/1uIl0cJJQe271SfSn3zgrEzahrUfvEpYF/view?usp=drivesdk,519.jpg"
520,"https://drive.google.com/file/d/10JeN13BxjlsDMr3xxcZrolNVyPUV-5ek/view?usp=drivesdk,520.jpg"
521,"https://drive.google.com/file/d/1hDphNKPub-3mWsdT8Oi6EXQqD_y9q54v/view?usp=drivesdk,521.jpg"
522,"https://drive.google.com/file/d/1zL8uEx7uJiKZcUNSVYKYkqDA5Mfpqqea/view?usp=drivesdk,522.jpg"
523,"https://drive.google.com/file/d/1mHsbDdy1eKLeg8aVSrQ7izK4yjFHzN2S/view?usp=drivesdk,523.jpg"
524,"https://drive.google.com/file/d/1mD1xsrjuTx1Gz0pGTvoBYssiBW8CJJk6/view?usp=drivesdk,524.jpg"
525,"https://drive.google.com/file/d/1NEBCseD8_9-S199Oyrgw3i7o4hst9g7M/view?usp=drivesdk,525.jpg"
526,"https://drive.google.com/file/d/1RA8XTdJiIdSgaNXgu9GctuxwLme0Zz7W/view?usp=drivesdk,526.jpg"
527,"https://drive.google.com/file/d/1dpmDXJBIDQwa1l03cKFpXJfCm2u7fVA_/view?usp=drivesdk,527.jpg"
528,"https://drive.google.com/file/d/19R0apl17gSTC-Wr0_AO4ywURKuxLcjBg/view?usp=drivesdk,528.jpg"
529,"https://drive.google.com/file/d/18n2vB32Wt7Z0G_MWfutAgDk_FS6y9CQX/view?usp=drivesdk,529.jpg"
530,"https://drive.google.com/file/d/1VRBa-FQgdlHOB-_-SRoFNAhStaR2ytHz/view?usp=drivesdk,530.jpg"
531,"https://drive.google.com/file/d/16e59OYlxhEPJ65eZyl7XrvmXuAyXV0M8/view?usp=drivesdk,531.jpg"
532,"https://drive.google.com/file/d/1AH_Dp_iyAqgiXxjgoe14a_TOXWiAWcJW/view?usp=drivesdk,532.jpg"
533,"https://drive.google.com/file/d/1sJZTnk1Xi9FpAQXq90w6nC4Q45OZ503N/view?usp=drivesdk,533.jpg"
534,"https://drive.google.com/file/d/10UxdcEntWFpzZfeRn0ANaG5E6yysNOvA/view?usp=drivesdk,534.jpg"
535,"https://drive.google.com/file/d/12Fkc9-gN-HmIu4Djh-UbuSW74vaLeqEz/view?usp=drivesdk,535.jpg"
536,"https://drive.google.com/file/d/1ZunHSkzfNq7f4o8OMmdqFiOdHXkxEYjq/view?usp=drivesdk,536.jpg"
537,"https://drive.google.com/file/d/18TES8zMFF81-H-xicX1gtIj_heLjXptR/view?usp=drivesdk,537.jpg"
538,"https://drive.google.com/file/d/1nYURpy3_7fdQb8oo01gp7Y260XJABs8b/view?usp=drivesdk,538.jpg"
539,"https://drive.google.com/file/d/1IQ1jWG8O9tBLb2m45NRy0UVPEsX6k8VI/view?usp=drivesdk,539.jpg"
540,"https://drive.google.com/file/d/1XzI3j_hRdXZ4ZMwUPJiHOkPwrZcmTFWR/view?usp=drivesdk,540.jpg"
541,"https://drive.google.com/file/d/1YUGJI8ez6k8uQ37T9Y_ok5N6I3X_HYT4/view?usp=drivesdk,541.jpg"
542,"https://drive.google.com/file/d/1a1tBf-dP3HF_LPABM_NuDr3zW2EBsCxg/view?usp=drivesdk,542.jpg"
543,"https://drive.google.com/file/d/1Uru5iqjhAH5FmgvdsvEDh934CHKwhzjc/view?usp=drivesdk,543.jpg"
544,"https://drive.google.com/file/d/1e3PLZN7NZu84C4BhtfA6Gs2uOwQ6R24F/view?usp=drivesdk,544.jpg"
545,"https://drive.google.com/file/d/1WVdurIkvybeWp6oZx3nH7YhXskVwRwMb/view?usp=drivesdk,545.jpg"
546,"https://drive.google.com/file/d/1BMZbyWsm7rovZA4X5lzQMMmIPdpIOmQv/view?usp=drivesdk,546.jpg"
547,"https://drive.google.com/file/d/1tvw6vvU0UDcUx4chOT9G3fm-RJwIQNhi/view?usp=drivesdk,547.jpg"
548,"https://drive.google.com/file/d/1YpDRxIpBPjfHsHCtyZqBd6Ff5cRe7X2u/view?usp=drivesdk,548.jpg"
549,"https://drive.google.com/file/d/1xrRVzB8Q3DGAxx1QopChRitEQ4OhJ3yu/view?usp=drivesdk,549.jpg"
550,"https://drive.google.com/file/d/1ekwfgsuKUn-Kpt2qkwP4acpPNG-d6x0B/view?usp=drivesdk,550.jpg"
551,"https://drive.google.com/file/d/19lZGBgR0RVPbbdN2afkz52KFXDI-3y5S/view?usp=drivesdk,551.jpg"
552,"https://drive.google.com/file/d/1diP-mo8w9a71PVDW5j99xiGLSvvXONyf/view?usp=drivesdk,552.jpg"
553,"https://drive.google.com/file/d/1D0zolvZeLPk4CjUPvKfQ8K-iOiPrxd_B/view?usp=drivesdk,553.jpg"
554,"https://drive.google.com/file/d/1QVckCvonwyU-_d41Nni1aRKKL32l1sat/view?usp=drivesdk,554.jpg"
555,"https://drive.google.com/file/d/1WQu-rrRFhvkCjkultzu0izVhQlmjC_P9/view?usp=drivesdk,555.jpg"
556,"https://drive.google.com/file/d/1gMFRSFAiWnUmxe3C3IWlOt9WZ1QV1fhi/view?usp=drivesdk,556.jpg"
557,"https://drive.google.com/file/d/1lucP-Q4gC8lWOxtjZSnTNgKPriQX4LlI/view?usp=drivesdk,557.jpg"
558,"https://drive.google.com/file/d/1TIUbud1DdTpy9YOfzkT_IE6UNJbnBu6s/view?usp=drivesdk,558.jpg"
559,"https://drive.google.com/file/d/1D0gQVIa5wtvu5pjORoxMDjGlAEKuTcM3/view?usp=drivesdk,559.jpg"
560,"https://drive.google.com/file/d/1_biWL5trcp4KFUqdGBWj1ybpezbtIo7D/view?usp=drivesdk,560.jpg"
561,"https://drive.google.com/file/d/1YyjAFhzLjvx6NB1lBcEy8iwYJB1UrO8y/view?usp=drivesdk,561.jpg"
562,"https://drive.google.com/file/d/1WQBpuTCxbXatK6fFiX9L13MWdhfVulY5/view?usp=drivesdk,562.jpg"
563,"https://drive.google.com/file/d/1fLt5ePvTHI-MEg9ggVW0TPqEZpJMPz_M/view?usp=drivesdk,563.jpg"
564,"https://drive.google.com/file/d/1lObflSe6L3YSAi0kcyKIaJDBV2-ZIP2T/view?usp=drivesdk,564.jpg"
565,"https://drive.google.com/file/d/1l6Q4vnxkHV7DXJI4IPMV_xWE7iGpyHJW/view?usp=drivesdk,565.jpg"
566,"https://drive.google.com/file/d/1c1_NS0yyDgAL00FiNBAb8tVhJEFEfA0h/view?usp=drivesdk,566.jpg"
567,"https://drive.google.com/file/d/13o13Q46IRkfQa-acPVXdpKk5PknTue8o/view?usp=drivesdk,567.jpg"
568,"https://drive.google.com/file/d/18Dw53_TDdPs4s7mpFwjeENGE6cBrZtqe/view?usp=drivesdk,568.jpg"
569,"https://drive.google.com/file/d/1IGy1nfxiQBIU3bRnfoJkDHaw_wPgQMQq/view?usp=drivesdk,569.jpg"
570,"https://drive.google.com/file/d/1Kovz1a6sfRvHY0nVzur7AN85lP3acXDs/view?usp=drivesdk,570.jpg"
571,"https://drive.google.com/file/d/1mQggS96RMV1Y5WCErrdoXbSetUqI8FU3/view?usp=drivesdk,571.jpg"
572,"https://drive.google.com/file/d/1znfA2QdsEO6ZkOQMWgfuole4J_TqemTg/view?usp=drivesdk,572.jpg"
573,"https://drive.google.com/file/d/1rWdgMa9ZOS2WwL7UwQIXjPkyV8tlqQxW/view?usp=drivesdk,573.jpg"
574,"https://drive.google.com/file/d/1w3HzlgoD4Prpu2s-s4cydc6s2LCVimXH/view?usp=drivesdk,574.jpg"
575,"https://drive.google.com/file/d/1_XLPa5FLYSViudkEvZDslUIVKAETS_l9/view?usp=drivesdk,575.jpg"
576,"https://drive.google.com/file/d/1DA7BGc4uDd1KtbbyraF2iTtSecPCwD9t/view?usp=drivesdk,576.jpg"
577,"https://drive.google.com/file/d/1DLRhCOs8xOgbLr3aNpy-4OkheqpFziwv/view?usp=drivesdk,577.jpg"
578,"https://drive.google.com/file/d/1IfsjfaLJ1UTEwPRTmDMY2f0LYd3dXGjl/view?usp=drivesdk,578.jpg"
579,"https://drive.google.com/file/d/1aj9P5EYETsc5OFfzEAc1jjwaAPshpPtw/view?usp=drivesdk,579.jpg"
580,"https://drive.google.com/file/d/1DTd7dCQbkKxykZIrxaVQW3R2EL_0fZZW/view?usp=drivesdk,580.jpg"
581,"https://drive.google.com/file/d/1rUouZEj9Xeqc-Bkc5kKeu1zL-ScxGMy-/view?usp=drivesdk,581.jpg"
582,"https://drive.google.com/file/d/1ZI2mkupcgPX6-5BMNP9oQv2L19OJEm9m/view?usp=drivesdk,582.jpg"
583,"https://drive.google.com/file/d/1wjwVXc3XiAtCgVYRQVOfVHlptz4-YBVL/view?usp=drivesdk,583.jpg"
584,"https://drive.google.com/file/d/1yVtQdWmo43k35Fs-UGHhTSJBV4NI-JbZ/view?usp=drivesdk,584.jpg"
585,"https://drive.google.com/file/d/1q45TDh6q79pFLA1e6OMMgZWxfcXUT9-J/view?usp=drivesdk,585.jpg"
586,"https://drive.google.com/file/d/1YDvS3pxCrt5wBGmxmZ0FNuBEActk8uvp/view?usp=drivesdk,586.jpg"
587,"https://drive.google.com/file/d/14CsABp8_oURWCqOPZjUm0SFCeF70hlds/view?usp=drivesdk,587.jpg"
588,"https://drive.google.com/file/d/1CE2voUs9aXhwFQZ55-m-qq97TuALCiG6/view?usp=drivesdk,588.jpg"
589,"https://drive.google.com/file/d/1fbM-P7Z6F1OSXwnXpDEQroA63TPTIHhW/view?usp=drivesdk,589.jpg"
590,"https://drive.google.com/file/d/1TuF-tyOPRkDR3v1XSAk35syVHp7XYFDC/view?usp=drivesdk,590.jpg"
591,"https://drive.google.com/file/d/1oyorG94q8Iu6sEQvmE3AbYnuo1rZo6s6/view?usp=drivesdk,591.jpg"
592,"https://drive.google.com/file/d/1y9W1nDbQmCZdKOFbHARihbxXUKDu6dYN/view?usp=drivesdk,592.jpg"
593,"https://drive.google.com/file/d/1NJae4AyUi_IUPvML2vh606_XDzhcOSxH/view?usp=drivesdk,593.jpg"
594,"https://drive.google.com/file/d/1mJAPiiy_34-hyvwBOY-cLG0sJUg8x_hT/view?usp=drivesdk,594.jpg"
595,"https://drive.google.com/file/d/1tKC-FUWaW4yp3wLGMS6eor9aDX9LaX55/view?usp=drivesdk,595.jpg"
596,"https://drive.google.com/file/d/12pM_P3JG7_chcAPTdNVtPlhwxS-bW-N2/view?usp=drivesdk,596.jpg"
597,"https://drive.google.com/file/d/1yWE9knyrScUQFUF1Bpm9WD4P-jfiecW6/view?usp=drivesdk,597.jpg"
598,"https://drive.google.com/file/d/1UaDByvXusj1qOSZjdGbSl-6-OhYSeo1-/view?usp=drivesdk,598.jpg"
599,"https://drive.google.com/file/d/1QXRSJZN4AdSruRV7HTG-8kb50JwQ3Al9/view?usp=drivesdk,599.jpg"
600,"https://drive.google.com/file/d/1n0VWOGgk3_Fd4FIXq5cXOCfsv0EO5ymo/view?usp=drivesdk,600.jpg"
601,"https://drive.google.com/file/d/1YVYR9Y-oBDtb2dIAEWQ_5eTRIbf7rwJm/view?usp=drivesdk,601.jpg"
602,"https://drive.google.com/file/d/1XSDJKuQRyKY2eEeyC9dy_MlJSY5pEOvW/view?usp=drivesdk,602.jpg"
603,"https://drive.google.com/file/d/1d_FXPPzZ2FpFL3Sq_nzeZv_Yeq2C0HnM/view?usp=drivesdk,603.jpg"
604,"https://drive.google.com/file/d/1LkBLc5W-kpQHAq9E_zgwVDqG0BRg7z4d/view?usp=drivesdk,604.jpg"
605,"https://drive.google.com/file/d/1Mt6SjR1aDBkdR2ZcxXG7sStAiWRMjoPj/view?usp=drivesdk,605.jpg"
606,"https://drive.google.com/file/d/1e4UDMuIrEfgWpibX_OyZUmdvS1k2MQvL/view?usp=drivesdk,606.jpg"
607,"https://drive.google.com/file/d/13217KEdXmYKggk1szCCla2_Rr2YMIY0w/view?usp=drivesdk,607.jpg"
608,"https://drive.google.com/file/d/1gSQmzk3_MpPVFLg_HI3Du4LebXn7QVrY/view?usp=drivesdk,608.jpg"
609,"https://drive.google.com/file/d/1b6up84L0IG-DABnPmWSEH-hc8NndLQdL/view?usp=drivesdk,609.jpg"
610,"https://drive.google.com/file/d/1PNqifL0YbughgIN0xcF8wQtf628lA0lk/view?usp=drivesdk,610.jpg"
611,"https://drive.google.com/file/d/1c8nVN-Fu-2vQs-FxkRflXw0yCqx98mXC/view?usp=drivesdk,611.jpg"
612,"https://drive.google.com/file/d/1q19Qlny9vKqc4WXwIW6z4RX0D9wyBTSd/view?usp=drivesdk,612.jpg"
613,"https://drive.google.com/file/d/1SbBkOAOFja27qEa6CwFfybhLrtMIKV4S/view?usp=drivesdk,613.jpg"
614,"https://drive.google.com/file/d/1bpfvzW6vS0-owm7UdVcwS1Bt0cSdSFCk/view?usp=drivesdk,614.jpg"
615,"https://drive.google.com/file/d/1FMx087dmLUN7lChXCukvv5sX3xj6wH2p/view?usp=drivesdk,615.jpg"
616,"https://drive.google.com/file/d/1KGKowoCdwdOspr_35FKdRn4XNGSv8bvp/view?usp=drivesdk,616.jpg"
617,"https://drive.google.com/file/d/1uL56ZSshb5OtID1E2QEi2V8shu-5aehl/view?usp=drivesdk,617.jpg"
618,"https://drive.google.com/file/d/1ylZQZ0SVqiuf-2Y2muu9CIBJnea0o1-q/view?usp=drivesdk,618.jpg"
619,"https://drive.google.com/file/d/1ntVZsTuF04MY0xAR5zLcay1kqpSq-Tmq/view?usp=drivesdk,619.jpg"
620,"https://drive.google.com/file/d/1U9xsyrxHcgXbDIiwh3OB5JXQamczLnQY/view?usp=drivesdk,620.jpg"
621,"https://drive.google.com/file/d/1qNUG88olUDCaEmjwin-75dQtuMipNvQf/view?usp=drivesdk,621.jpg"
622,"https://drive.google.com/file/d/1CB60hXBFFCmG4cryt_WmMCOyLtF_qnSd/view?usp=drivesdk,622.jpg"
623,"https://drive.google.com/file/d/1IDx2B7VzCn8XzJdYg1O3h6UpHm315fiL/view?usp=drivesdk,623.jpg"
624,"https://drive.google.com/file/d/11yPiUCOSc3dP61VDqefhPYzqwFULCNOq/view?usp=drivesdk,624.jpg"
625,"https://drive.google.com/file/d/16xdeqH92dfv5Vuad0yOK9i4XrEUFkXw8/view?usp=drivesdk,625.jpg"
626,"https://drive.google.com/file/d/1MzfWa0y02SE8LEhbAm5i80wlkzJpeSbt/view?usp=drivesdk,626.jpg"
627,"https://drive.google.com/file/d/1Ak_DCCMZjlykKS1rPv8xYNholkv0ahMS/view?usp=drivesdk,627.jpg"
628,"https://drive.google.com/file/d/1YkBJcdONRRtwpHsg-afFfcDlhClfQLRh/view?usp=drivesdk,628.jpg"
629,"https://drive.google.com/file/d/1TVBYTnmWdIY76aacWRZrynyB3JiOz5Kf/view?usp=drivesdk,629.jpg"
630,"https://drive.google.com/file/d/1M6CbbAT1x5oJVTLB2EVgLtYPfLyv0C7E/view?usp=drivesdk,630.jpg"
631,"https://drive.google.com/file/d/1Pj8Y1kMIgGXn6lbWv6U5j_D_TSCMK4ZH/view?usp=drivesdk,631.jpg"
632,"https://drive.google.com/file/d/1R_6HCZtBBWUlWj6CyAYBVcKbDcoN2keT/view?usp=drivesdk,632.jpg"
633,"https://drive.google.com/file/d/1cOxzJjMAfrw6X-vtno7aF4IaKGbnCkdC/view?usp=drivesdk,633.jpg"
634,"https://drive.google.com/file/d/1284lf0H5gz9Elp2-p-VJXqBpPa2ApuMy/view?usp=drivesdk,634.jpg"
635,"https://drive.google.com/file/d/1MsoRK1Y-ySp-eZJF2Of5JFNZxe6OAOa5/view?usp=drivesdk,635.jpg"
636,"https://drive.google.com/file/d/1ndL7_-hyq_yRWhb7ka4Du0HWY1_RtLOq/view?usp=drivesdk,636.jpg"
637,"https://drive.google.com/file/d/19ijkv36rxpr2Hr74DnDIowq7J69mUZIe/view?usp=drivesdk,637.jpg"
638,"https://drive.google.com/file/d/1F8014IAgg11HYlO8hQn5EeGSpiT5YLHH/view?usp=drivesdk,638.jpg"
639,"https://drive.google.com/file/d/1fPfugOP3VI6BZsZAF6PiJNDokevYmewD/view?usp=drivesdk,639.jpg"
640,"https://drive.google.com/file/d/1AKqGY4fWsKQpNjLmZlnKXNebFpScHyJo/view?usp=drivesdk,640.jpg"
641,"https://drive.google.com/file/d/16IOis1_oxVWqdgZ1ltgmM-9elYYYUYeb/view?usp=drivesdk,641.jpg"
642,"https://drive.google.com/file/d/1I52dm7sOLgvNj8ssIZJuZktbVd8HQAkj/view?usp=drivesdk,642.jpg"
643,"https://drive.google.com/file/d/1QkYmQXu10HWabtgs3STNvy48oefqUPzk/view?usp=drivesdk,643.jpg"
644,"https://drive.google.com/file/d/13MPBH7Gte76Hi_42zkgvM6w0zZaQbOZl/view?usp=drivesdk,644.jpg"
645,"https://drive.google.com/file/d/1cEZqclfcPRfGTODMAW5t1X-Pvry3UaVw/view?usp=drivesdk,645.jpg"
646,"https://drive.google.com/file/d/1778sCqbvBDGG_25J038d8-1oSJGdemn8/view?usp=drivesdk,646.jpg"
647,"https://drive.google.com/file/d/1liYfEXIi3sjYqm4vFxNpEQThRhbHDdVQ/view?usp=drivesdk,647.jpg"
648,"https://drive.google.com/file/d/1_h4CJld7CXlsWHebuHLVCJy-g787Zk5H/view?usp=drivesdk,648.jpg"
649,"https://drive.google.com/file/d/136R9I6S91GuYPGBrw3XgIjsi2GUq98KI/view?usp=drivesdk,649.jpg"
650,"https://drive.google.com/file/d/1YLSWFsFVGE2E2kfUXSGbQPBjQx6NBLGp/view?usp=drivesdk,650.jpg"
651,"https://drive.google.com/file/d/1n1frwc7fzkad45ZegJaoh6qRRgKJfW0l/view?usp=drivesdk,651.jpg"
652,"https://drive.google.com/file/d/1EGMLb2RN6Pbs0gR-NI8d_YiM7L3JYdea/view?usp=drivesdk,652.jpg"
653,"https://drive.google.com/file/d/1uvIgL0AYnSEg4QJOX9RANcnNjhuVPvXK/view?usp=drivesdk,653.jpg"
654,"https://drive.google.com/file/d/1-BCLdQdntSazf52aRuUwnQ3RUuBoayLS/view?usp=drivesdk,654.jpg"
655,"https://drive.google.com/file/d/1wE4SA3lz9qhocz_C9Rg-O_d2LxQKRu3J/view?usp=drivesdk,655.jpg"
656,"https://drive.google.com/file/d/1nNRVx0yJ_dAwQTKVrnTFuk0vtSdNv5FM/view?usp=drivesdk,656.jpg"
657,"https://drive.google.com/file/d/1FVTR5RwmOClTIG_qJtMrv6GEwm9XojI2/view?usp=drivesdk,657.jpg"
658,"https://drive.google.com/file/d/1w8AR6XaQmSdMLYf-ukvdfniiGQAxbKk9/view?usp=drivesdk,658.jpg"
659,"https://drive.google.com/file/d/1APUeOYfMYgCMHpHjnWvdrU9bxFoC5IMm/view?usp=drivesdk,659.jpg"
660,"https://drive.google.com/file/d/14eiSWjBWLH1N18uBb-7QZccsRtogyy93/view?usp=drivesdk,660.jpg"
661,"https://drive.google.com/file/d/1IZFMGfwCvGZ6gupD1IsNlSRZzToR3I--/view?usp=drivesdk,661.jpg"
662,"https://drive.google.com/file/d/1D6i6nHNz2KjCY8XxtK7WHLPyDJxe7_N0/view?usp=drivesdk,662.jpg"
663,"https://drive.google.com/file/d/1VtuM_a5Mcn2X7E92VBEHrkS-1DpKXYJD/view?usp=drivesdk,663.jpg"
664,"https://drive.google.com/file/d/19U8QrmwBnrQIIRUZJ8dlx1LCzd_kJ7CE/view?usp=drivesdk,664.jpg"
665,"https://drive.google.com/file/d/12FFRF7X4rO6Frai_x74UXasi32bsbJgP/view?usp=drivesdk,665.jpg"
666,"https://drive.google.com/file/d/11kTwNIRrosm6Kgsqh68oyq4Sw3SHNik9/view?usp=drivesdk,666.jpg"
667,"https://drive.google.com/file/d/1XN1rz5hqycXI3R786JammhgWn-7mkboF/view?usp=drivesdk,667.jpg"
668,"https://drive.google.com/file/d/1dmsZSR7C-uec-eTiNv9eLqyha7doolX7/view?usp=drivesdk,668.jpg"
669,"https://drive.google.com/file/d/1T017bpRWlQ1A77yMaWxHS8o8WpGPwPHE/view?usp=drivesdk,669.jpg"
670,"https://drive.google.com/file/d/1EFgM39ZddQuA4YT1JTDjt4xG08LsDM3d/view?usp=drivesdk,670.jpg"
671,"https://drive.google.com/file/d/1Vo1S9zFVzfXjXw5DriXe1D0eNFQ0Pjur/view?usp=drivesdk,671.jpg"
672,"https://drive.google.com/file/d/1WNGIuGgqjE--LPif0HMrUkK8I_aXcVAK/view?usp=drivesdk,672.jpg"
673,"https://drive.google.com/file/d/1laXf4flgaVV-eOYyOgF8nhDBeI1GSDni/view?usp=drivesdk,673.jpg"
674,"https://drive.google.com/file/d/1lHtDGgMmfBBwdsA7nohbAuuBZtt5eZWD/view?usp=drivesdk,674.jpg"
675,"https://drive.google.com/file/d/16v4o8TM_FDMZiBc9DsZdEjisdRDn1m39/view?usp=drivesdk,675.jpg"
676,"https://drive.google.com/file/d/1kwZ-Qc1quDhQN6FeqabyKTo8EQoFVG6Q/view?usp=drivesdk,676.jpg"
677,"https://drive.google.com/file/d/1tTncn_YH9RSDfQjclsDxYf0ypme_u9Yx/view?usp=drivesdk,677.jpg"
678,"https://drive.google.com/file/d/17j0A7njsVxAbH9RAhYjMcW1qqoK8BIzy/view?usp=drivesdk,678.jpg"
679,"https://drive.google.com/file/d/1MLXUwCU6W09EQPgsTkCO6Bv1g3RSC6rz/view?usp=drivesdk,679.jpg"
680,"https://drive.google.com/file/d/1M-aBvWZXGTpkHacsZK88fEedBmEQJGeH/view?usp=drivesdk,680.jpg"
681,"https://drive.google.com/file/d/1h1kWLSvCmzLzC35XSvrGjaF1yoSF8Ats/view?usp=drivesdk,681.jpg"
682,"https://drive.google.com/file/d/1_hnxZEGe6i8M-7mlc47msbixgHocN5QP/view?usp=drivesdk,682.jpg"
683,"https://drive.google.com/file/d/1lOKtxsTS91G0xUDAUlW_4SMFhzZdcZ3O/view?usp=drivesdk,683.jpg"
684,"https://drive.google.com/file/d/1eEAwFSTl_n-hUcey0swrkVnQ86Z66cdo/view?usp=drivesdk,684.jpg"
685,"https://drive.google.com/file/d/1wzj1Qz964TEuyVIFrTUcSNJWjarZroGt/view?usp=drivesdk,685.jpg"
686,"https://drive.google.com/file/d/1T5igb_fdWbUCxLqNzBV4KFdUoQQ74qWP/view?usp=drivesdk,686.jpg"
687,"https://drive.google.com/file/d/17Ta6f6iSBSxx_UotyG7JNsugNqZtHqf3/view?usp=drivesdk,687.jpg"
688,"https://drive.google.com/file/d/1JZAJjlC2HzUTtdc451kXlZ_07jjCribJ/view?usp=drivesdk,688.jpg"
689,"https://drive.google.com/file/d/1Agb84BxjBDU6V0dB6hUNSoRxCMerhIDZ/view?usp=drivesdk,689.jpg"
690,"https://drive.google.com/file/d/1rehifxczLrGKnQztxJkK4p63t9gSh9k6/view?usp=drivesdk,690.jpg"
691,"https://drive.google.com/file/d/1ohtqZLoRf1Pk9-JTLB8g4h4fBtfmN0pn/view?usp=drivesdk,691.jpg"
692,"https://drive.google.com/file/d/1xoO_7LBKbIYm2XtgNsSijRpOAG9DVDLb/view?usp=drivesdk,692.jpg"
693,"https://drive.google.com/file/d/14TFTPNTuAExkKDpkz4tZSMXGakQDjVoO/view?usp=drivesdk,693.jpg"
694,"https://drive.google.com/file/d/1jw8FxGzTyOP7q32ufg3WiG26B7Nq4wzs/view?usp=drivesdk,694.jpg"
695,"https://drive.google.com/file/d/1WLSLRhws4XYi00h3cRMUCfxmf2j6W1o2/view?usp=drivesdk,695.jpg"
696,"https://drive.google.com/file/d/1KtvFVm0scwK3Ia2ic6_Ginso3US3ZuBI/view?usp=drivesdk,696.jpg"
697,"https://drive.google.com/file/d/19-6Uti6I4JWNtVjfyyUSbnN-B6qdygEi/view?usp=drivesdk,697.jpg"
698,"https://drive.google.com/file/d/1ufet4noQ36WeGu9g5dGS4bscZwMAUAJ5/view?usp=drivesdk,698.jpg"
699,"https://drive.google.com/file/d/1rT38y8O9PcI3Uf_7ceTaKYixdomnkQsP/view?usp=drivesdk,699.jpg"
700,"https://drive.google.com/file/d/10f-F9sdt-ZlrvDRqazzLLD0xLxFhnnoE/view?usp=drivesdk,700.jpg"
701,"https://drive.google.com/file/d/1M26v2_mhtboLxGKEPMtAKxJv7cFiJC6v/view?usp=drivesdk,701.jpg"
702,"https://drive.google.com/file/d/1IEteZ9I2xo5sBn3H6d8rgnBPhNn95pzd/view?usp=drivesdk,702.jpg"
703,"https://drive.google.com/file/d/1YX8iYR95OvUPFqAxMl9-d5-OEktVshFx/view?usp=drivesdk,703.jpg"
704,"https://drive.google.com/file/d/1CWl1iByGByWMWEJQnJx4qsHOginkWxwI/view?usp=drivesdk,704.jpg"
705,"https://drive.google.com/file/d/1zhufd6UkmYliTMQFiZuMBhiEtb5likzU/view?usp=drivesdk,705.jpg"
706,"https://drive.google.com/file/d/1C235cAV5waBbPX54yD9Muf2Amcib6fgK/view?usp=drivesdk,706.jpg"
707,"https://drive.google.com/file/d/1VY2reMhCeA6AebSQD5D4fsmB0vkUM7uN/view?usp=drivesdk,707.jpg"
708,"https://drive.google.com/file/d/1LsmlGw4TYyosaqtnv-oIA-LnSJavUuL8/view?usp=drivesdk,708.jpg"
709,"https://drive.google.com/file/d/1xdhCD0n6JepNwNCDJwFKQaJDhxSUUZAc/view?usp=drivesdk,709.jpg"
710,"https://drive.google.com/file/d/1LD5HyI6_emCpPWPdkezDfxDds2dEJNfe/view?usp=drivesdk,710.jpg"
711,"https://drive.google.com/file/d/16dl1DqvLwlC3ORLSuhsvy9m4Is1JE5eG/view?usp=drivesdk,711.jpg"
712,"https://drive.google.com/file/d/1VvFIXM_muo5F7q8bKs9rWZBBZkt8Bzed/view?usp=drivesdk,712.jpg"
713,"https://drive.google.com/file/d/1_ghZFEksXD83KV7j20xrRvOZu0bgeQJn/view?usp=drivesdk,713.jpg"
714,"https://drive.google.com/file/d/1T5l6Jy2aSd85REWkQpysBO9PCIB9iViJ/view?usp=drivesdk,714.jpg"
715,"https://drive.google.com/file/d/1QUMV1AdYEVSu8gmKYP8w1-1NoeYJY7n8/view?usp=drivesdk,715.jpg"
716,"https://drive.google.com/file/d/1fjLcCSj9SueKqqqibQRKvnvjDLsk0BQH/view?usp=drivesdk,716.jpg"
717,"https://drive.google.com/file/d/1lU_4APi7mn3d_88NmCgwvCYBudUIUogR/view?usp=drivesdk,717.jpg"
718,"https://drive.google.com/file/d/1Gi8bI12OHlVW_yUEfIsbrytnC4vaWq3T/view?usp=drivesdk,718.jpg"
719,"https://drive.google.com/file/d/1WaGq0AxqPZkLjIEzyl_akndgLIcuVzdj/view?usp=drivesdk,719.jpg"
720,"https://drive.google.com/file/d/1Q1pJJFYuLyXcwm3n_zYqMcS3cH-Z6-36/view?usp=drivesdk,720.jpg"
721,"https://drive.google.com/file/d/1c3UOgja4ZcUqINxeKewwjJ7VixHPGLtP/view?usp=drivesdk,721.jpg"
722,"https://drive.google.com/file/d/1j_LS1C6ZasqPArdAUYV276nMz38xLldh/view?usp=drivesdk,722.jpg"
723,"https://drive.google.com/file/d/1Y739MbJAl26JeH-oExp2jgMHEow5fBTX/view?usp=drivesdk,723.jpg"
724,"https://drive.google.com/file/d/1EzhBY-a3PgC2cIik8KiII5J_I5ztSJUo/view?usp=drivesdk,724.jpg"
725,"https://drive.google.com/file/d/1Gu3QsApHQZcoCB1BkD2HP12BgJlFIMWf/view?usp=drivesdk,725.jpg"
726,"https://drive.google.com/file/d/1aG-BJsCqU6IZIf2mak0ZcbZMysoMCy3J/view?usp=drivesdk,726.jpg"
727,"https://drive.google.com/file/d/1YW176UaO16x6I4WJKr_N3d1aL-LMc3NT/view?usp=drivesdk,727.jpg"
728,"https://drive.google.com/file/d/1ATpp-DjBm9YWeRpLYzHruSdabbyctb1Y/view?usp=drivesdk,728.jpg"
729,"https://drive.google.com/file/d/1psma-zYfTJzxkWSQOdX8rPGy3mbkTzrm/view?usp=drivesdk,729.jpg"
730,"https://drive.google.com/file/d/1_zYagGhvbOQmtNKrwf8-mfdACs2zR6yX/view?usp=drivesdk,730.jpg"
731,"https://drive.google.com/file/d/1WInz-my8c22ps-t37USCxRs3_vGNgaDx/view?usp=drivesdk,731.jpg"
732,"https://drive.google.com/file/d/1hFJHmHo8GGqBYCASrq_6qkQ1StuaNqrF/view?usp=drivesdk,732.jpg"
733,"https://drive.google.com/file/d/1pjnj9hKtRqL4aM0kuXmpeYT-Ui2LjB88/view?usp=drivesdk,733.jpg"
734,"https://drive.google.com/file/d/14iNNgpC3x5VV01yS_ZosawmHiwIku_3-/view?usp=drivesdk,734.jpg"
735,"https://drive.google.com/file/d/1tN5a3JmTHq01a4imv_7TNaDliuXcFl0C/view?usp=drivesdk,735.jpg"
736,"https://drive.google.com/file/d/1JowhJQRCqS031I6dXrH5sz-ZtGHwTr2I/view?usp=drivesdk,736.jpg"
737,"https://drive.google.com/file/d/1M9qjnHT6DTbQsT2IgdJkuRaj3LeNNzUn/view?usp=drivesdk,737.jpg"
738,"https://drive.google.com/file/d/1nDHvkTYc1FcLgfdZmvnwv49tJgfxK-Iw/view?usp=drivesdk,738.jpg"
739,"https://drive.google.com/file/d/10T9whA8dhjY61DbVetu8SKEExuSHi2jQ/view?usp=drivesdk,739.jpg"
740,"https://drive.google.com/file/d/19sTU2y3DcTCSJQyMFk-34XPIUAqYbSzZ/view?usp=drivesdk,740.jpg"
741,"https://drive.google.com/file/d/1bVFTiDs23z7vh9tztqmf7olLOwBe9PmG/view?usp=drivesdk,741.jpg"
742,"https://drive.google.com/file/d/1r4SmAZSsRlZCaB3oj4emD850m1sXULJW/view?usp=drivesdk,742.jpg"
743,"https://drive.google.com/file/d/1zyy_pmNxZUoot55ho1nLPtqv3hvi94nx/view?usp=drivesdk,743.jpg"
744,"https://drive.google.com/file/d/1R3RZK3Ub6XvWxjvxxbqIFSGhqQix1lJo/view?usp=drivesdk,744.jpg"
745,"https://drive.google.com/file/d/1GmHBTuNqI5cMIZmo3L_s-m3oNpzyUagF/view?usp=drivesdk,745.jpg"
746,"https://drive.google.com/file/d/1Z95crqdM9FF6dsIeTCi60l_7zpTKA_m-/view?usp=drivesdk,746.jpg"
747,"https://drive.google.com/file/d/1jTa-4f5ZEF93gqdna8LY75IBMJitMKY7/view?usp=drivesdk,747.jpg"
748,"https://drive.google.com/file/d/1FkET0onF20youOYX-hi5kbRFTky8ss0s/view?usp=drivesdk,748.jpg"
749,"https://drive.google.com/file/d/1vjqEj3SN6H4tJQg7mw3CX-y4Wtvwze-e/view?usp=drivesdk,749.jpg"
750,"https://drive.google.com/file/d/1PEaehX9CNpC0m2NNWw4tsVPtXak8BPvs/view?usp=drivesdk,750.jpg"
751,"https://drive.google.com/file/d/1om_Q8xDDHoqw58e1mb4gK_pe9x1WPmS_/view?usp=drivesdk,751.jpg"
752,"https://drive.google.com/file/d/1nyU--R0KjhFJ97R5pGJ_mUiHjauwG0Vs/view?usp=drivesdk,752.jpg"
753,"https://drive.google.com/file/d/154fVyyYErCny4ZmeZwgH9Z0lrkUxMpqN/view?usp=drivesdk,753.jpg"
754,"https://drive.google.com/file/d/1q2Uu36K1rL-dZGYYaju_WRky910wm8Px/view?usp=drivesdk,754.jpg"
755,"https://drive.google.com/file/d/1gdlevEqKXgepDiI8OQJpDEPGEARX5PGc/view?usp=drivesdk,755.jpg"
756,"https://drive.google.com/file/d/16swBJO6pfu-FsbdGGl42t3HNzvpvLlfU/view?usp=drivesdk,756.jpg"
757,"https://drive.google.com/file/d/11fsmZGxDxnYowr-Rn_TMqORvktishtuz/view?usp=drivesdk,757.jpg"
758,"https://drive.google.com/file/d/1zc8bEVLKAN_mjEaLDWSO_DHF1uzjwxvf/view?usp=drivesdk,758.jpg"
759,"https://drive.google.com/file/d/1X-U-exLxWX3Ae8zCprmG4uU3dCmrMe3u/view?usp=drivesdk,759.jpg"
760,"https://drive.google.com/file/d/165V1lVBNlT4aotz-13XLXL6pJt3uOPWj/view?usp=drivesdk,760.jpg"
761,"https://drive.google.com/file/d/1DwH-oV3wgkL6J8bXqnL7C_WnR6fNbbuz/view?usp=drivesdk,761.jpg"
762,"https://drive.google.com/file/d/1GH--XC4nwM7ylvQGVM2_w3YQjFP14FYf/view?usp=drivesdk,762.jpg"
763,"https://drive.google.com/file/d/1dNfceScG_lkY3Y7CBpT0ekmpSRfKzqEY/view?usp=drivesdk,763.jpg"
764,"https://drive.google.com/file/d/15hOTQP-icGAQiPZqR-AzoDP6j06rNu14/view?usp=drivesdk,764.jpg"
765,"https://drive.google.com/file/d/11ruc1hFzgDk0Hr_Gi19VyKM-HvEE3QTM/view?usp=drivesdk,765.jpg"
766,"https://drive.google.com/file/d/1EImXSaVBb7oGuoi08UKJHSwN7yj1_tU8/view?usp=drivesdk,766.jpg"
767,"https://drive.google.com/file/d/1zsDrf1UL9FhQfhoVc83Um-IpahRf9ToF/view?usp=drivesdk,767.jpg"
768,"https://drive.google.com/file/d/1M1sjfeAlUn7CNOA6sHdZErn2RnJlbokd/view?usp=drivesdk,768.jpg"
769,"https://drive.google.com/file/d/1G2sYfER-wiqTRVBPadQxdvpgxODrSgoG/view?usp=drivesdk,769.jpg"
770,"https://drive.google.com/file/d/1Iu06S0Y-2DAb--M81jJ7AOg9-iIgigO0/view?usp=drivesdk,770.jpg"
771,"https://drive.google.com/file/d/1bRgSYPBtvI4cvPba6l7e9RfXlj2lNHfd/view?usp=drivesdk,771.jpg"
772,"https://drive.google.com/file/d/1TNa1pZIaSqfxFRqAUd9JfChYJOCysyB1/view?usp=drivesdk,772.jpg"
773,"https://drive.google.com/file/d/1s8rkKJ1DsQyfeQiVi6Y54akeXjPtjVnM/view?usp=drivesdk,773.jpg"
774,"https://drive.google.com/file/d/1KQCpKDRMy_eLPQgffAmK552CivplT8q9/view?usp=drivesdk,774.jpg"
775,"https://drive.google.com/file/d/1XlW-AbdtoYs_r7czEwQtuF5PNNnXBVFv/view?usp=drivesdk,775.jpg"
776,"https://drive.google.com/file/d/1YgIp8fnO22kxJwjDqOtc-6xEE6pqWDtH/view?usp=drivesdk,776.jpg"
777,"https://drive.google.com/file/d/1vFvprCxA8wq90iflPUmOmL2CnQQoq0i-/view?usp=drivesdk,777.jpg"
778,"https://drive.google.com/file/d/1tTTC5J74cHXTaJgnV1zg-nzvdmiZ0hGL/view?usp=drivesdk,778.jpg"
779,"https://drive.google.com/file/d/1de2X2aOio1vSQTVijtg76FclCgEuZm0o/view?usp=drivesdk,779.jpg"
780,"https://drive.google.com/file/d/1jJUz8FKYuBybGAaRUxu79ioPW1as2Oo4/view?usp=drivesdk,780.jpg"
781,"https://drive.google.com/file/d/12z1y_fLvufVLEEqyrizoxUzudK4dIF1q/view?usp=drivesdk,781.jpg"
782,"https://drive.google.com/file/d/1ydZBWWmo3qS5SxU8rYAYy0fAQxPd9Zqe/view?usp=drivesdk,782.jpg"
783,"https://drive.google.com/file/d/1zQZiUnzfFo_2HULnRAH03lTTEl40tHVV/view?usp=drivesdk,783.jpg"
784,"https://drive.google.com/file/d/1ODfa3Pc7QwnHzYLYTgwrAIlWT0WTenPs/view?usp=drivesdk,784.jpg"
785,"https://drive.google.com/file/d/18Tw5NcVQTstoi_NUIrPa6ba8TOwqbJGL/view?usp=drivesdk,785.jpg"
786,"https://drive.google.com/file/d/1EE8RcTyO1Ls2k7dozxFzmFK5dJk0CB1L/view?usp=drivesdk,786.jpg"
787,"https://drive.google.com/file/d/1lzw9xFD71LbkC3XVh9bEyyyW9TAFzHJl/view?usp=drivesdk,787.jpg"
788,"https://drive.google.com/file/d/1N9_ErqnSvX9EOEzPTOTxCuwBLi7mDIlZ/view?usp=drivesdk,788.jpg"
789,"https://drive.google.com/file/d/1zG6uqQpMaRMI3v9XTqm8e1BZXdVkdaoz/view?usp=drivesdk,789.jpg"
790,"https://drive.google.com/file/d/1zFoK1tSeD9FlSb80B0ppFvFTNo66v4dT/view?usp=drivesdk,790.jpg"
791,"https://drive.google.com/file/d/1FonPKzXZOOJPi7JCUux8IvCWFz8CVIua/view?usp=drivesdk,791.jpg"
792,"https://drive.google.com/file/d/1hwdD1RDnGUndAepC-vMcgh-HAd2ceH_W/view?usp=drivesdk,792.jpg"
793,"https://drive.google.com/file/d/16uR08ALC69nhY5jKor46MljmqcFwAFmi/view?usp=drivesdk,793.jpg"
794,"https://drive.google.com/file/d/1KyQInpKaNZ2bKCPSZGYNEnOYOZo04PiC/view?usp=drivesdk,794.jpg"
795,"https://drive.google.com/file/d/1GWfIZqdfu4vAJ5-ccXtydCzNWy7o_o2d/view?usp=drivesdk,795.jpg"
796,"https://drive.google.com/file/d/1HaJd-kNrC5ybpjbsgy9UGkypP9wK48jE/view?usp=drivesdk,796.jpg"
797,"https://drive.google.com/file/d/1WrdsKZEDvu32xJCLOiLWfGhYk3y1wJbP/view?usp=drivesdk,797.jpg"
798,"https://drive.google.com/file/d/1w2h8d5V-VSfQBjYT2mmnSb_9Vum9kfBM/view?usp=drivesdk,798.jpg"
799,"https://drive.google.com/file/d/1kK6sVKg-IS74gxoG9QIvm0iRc5X2_dFT/view?usp=drivesdk,799.jpg"
800,"https://drive.google.com/file/d/1ICFXYmaVaHzjVPpjOkHzKkK34u1lVCIt/view?usp=drivesdk,800.jpg"
801,"https://drive.google.com/file/d/1r2itBm0zVDDnZ0hFbvT53ESppzwh33S5/view?usp=drivesdk,801.jpg"
802,"https://drive.google.com/file/d/1e2lvt7-L3-ZgpUo8L_hX2o0IToXOlQGj/view?usp=drivesdk,802.jpg"
803,"https://drive.google.com/file/d/1r_ogKNq0O9uvcfIrYAGcoUu3Xc6HrzyJ/view?usp=drivesdk,803.jpg"
804,"https://drive.google.com/file/d/1Ohqd5GAtdgs2kkbOjrn92uZuztYau71I/view?usp=drivesdk,804.jpg"
805,"https://drive.google.com/file/d/1L3DteJZK-gItPZmbGfR6gdzM3JsoY19J/view?usp=drivesdk,805.jpg"
806,"https://drive.google.com/file/d/1PkMp11Tf9Y2i816HVMpUuiGN0gNchqsw/view?usp=drivesdk,806.jpg"
807,"https://drive.google.com/file/d/16j7NJkqqoG0a9ImMU7HVVNa-0LiH2SxB/view?usp=drivesdk,807.jpg"
808,"https://drive.google.com/file/d/1RI-aiV92_uGJrybhdycP78c8h2CkDdqY/view?usp=drivesdk,808.jpg"
809,"https://drive.google.com/file/d/1izYffYV8PWCB7EFeBTxKdXLvW80VR94J/view?usp=drivesdk,809.jpg"
